Edad,Sexo,1. Siento que mi padre raras veces me...,Clasificación I1,2. Cuando tengo mala suerte...,Clasificación I2,3. Siempre anhelé...,Clasificación I3,4. Si yo estuviera a cargo...,Clasificación I4,5. El futuro me parece...,Clasificación I5,6. Las personas que tienen una posición superior a mí...,Clasificación I6,"7. Sé que es tonto, pero tengo miedo de...",Clasificación I7,8. Creo que un verdadero amigo...,Clsificación I8,9. Cuando era niño(a)...,Clasificación I9,10. Mi idea de mujer (hombre) perfecta(o)...,Clasificación I10,11. Cuando veo a un hombre y a una mujer juntos...,Clasificación I11,"12. Comparando las demás familias, la mía...",Clasificación I12,13. En las acciones que implican trabajo me llevo mejor con...,Clasificación I13,14. Mi madre...,Clasificación I14,15. Haría cualquier cosa por olvidar la vez que...,Clasificación I15,16. Si mi padre tan solo...,Clasificación I16,17. Siento que tengo habilidades para...,Clasificación I17,18. Sería perfectamente feliz si...,Clasificación I18,19. Si la gente trabajara para mí...,Clasificación I19,20. Yo espero...,Clasificación 20,"21. En el colegio, mis profesores...",Clasificación I21,22. La mayoría de mis amistades no saben que tengo miedo de...,Clasificación I22,23. No me gusta...,Clasificación I23,24. Antes...,Clasificación I24,25. Pienso que la mayoría de los muchachos(as)...,Clasificación I25,26. Yo creo que la vida matrimonial...,Clasificación I26,27. Mi familia me trata como...,Clasificación I27,28. Aquellos con los que trabajo...,Clasificación I28,29. Mi madre y yo...,Clasificación I29,30. Mi más grande error fue...,Clasificación I30,31. Desearía que mi padre...,Clasificación I31,32. Mi mayor debilidad...,Clasificación I32,33. Mi ambición secreta en la vida...,Clasificación I33,34. La gente que trabaja para mí...,Clasificación I34,35. Algún día yo...,Clasificación I35,36. Cuando veo al jefe venir...,Clasificación I36,37. Quisiera perder el miedo de...,Clasificación I37,38. La gente que más me agrada...,Clasificación I38,39. Si fuera joven otra vez...,Clasificación I39,40. Creo que la mayoría de las mujeres (hombres)...,Clasificación I40,41. Si tuviera relaciones sexuales...,Clasificación I41,42. La mayoría de las familias que conozco...,Clasificación I42,43. Me gusta trabajar con la gente que...,Clasificación I43,44. Creo que la mayoría de las madres...,Clasificación I44,45. Cuando era más joven me sentía culpable de...,Clasificación I45,46. Siento que mi padre es...,Clasificación I46,47. Cuando la suerte se vuelve en contra mía...,Clasificación I47,"48. Cuando doy órdenes, yo...",Clasificación I48,49. Lo que más deseo en la vida es...,Clasificación I49,50. Dentro de algún tiempo...,Clasificación I50,51. La gente a quien yo considero mis superiores...,Clasificación I51,52. Mis temores en ocasiones me obligan a...,Clasificación I52,"53. Cuando no estoy, mis amigos...",Clasificación I53,54. Mi más vívido recuerdo de la infancia...,Clasificación I54,55. Lo que menos me gusta de los hombres (mujeres)...,Clasificación I55,56. Mi vida sexual...,Clasificación I56,57. Cuando era niño(a)...,Clasificación I57,"58. La gente que trabaja conmigo, generalmente...",Clasificación I58,"59. Me agrada mi madre, pero...",Clasificación I59,60. La peor cosa que he hecho...,Clasificación I60
21,Masculino.,Juzga,Positivo,Nada sale bien,Ambiguo,Tener un hermano,Negativo,Ayudaría a los demás ,Positivo,Prometedor,Positivo,Me generan angustia,Negativo,No ser suficiente para mis seres queridos,Negativo,Será sincero y leal,Positivo,Tenía menos responsabilidades,Positivo,"Es aquella que es sincera, fiel e incondicional",Positivo,Analizo su relación ,Ambiguo,Es unida,Positivo,Mis amigos,Positivo,Es única ,Positivo,Me engañaron,Negativo,Hubiera estado más presente,Negativo,Ayudar a los demás ,Positivo,Cumpliera mis sueños,Positivo,Estaría tranquila,Positivo,Ayudar a mis seres queridos,Positivo,Pensaban que era buen estudiante ,Positivo,Fracasar,Positivo,El pescado,Neutro,Era más inmaduro,Positivo,Son despreocupados,Ambiguo,Es cultural,Positivo,Una persona especial,Positivo,Me consideran un apoyo,Positivo,Nos llevamos bien,Positivo,Confiar en aquella persona,Negativo,Estuviera más tranquilo ,Positivo,Es mi apariencia física ,Negativo,Es ser millonario,Positivo,Se siente bien,Positivo,Tendré lo que he anhelado,Positivo,Lo saludo,Positivo,Fracasar,Positivo,Tiene mi apoyo,Positivo,Pensaría más antes de actuar,Positivo,Tienen prejuicios ,Negativo,Me protegería ,Positivo,Se aman y apoyan,Positivo,Es cooperativa y responsable ,Positivo,Darían todo por sus hijos,Positivo,No ayudar a mis padres,Positivo,Trabajador y responsable,Positivo,Intento volverla a mi favor,Positivo,Procuro que sean lo mejor posible,Positivo,Hacer felices a los que me rodean,Positivo,Me graduaré,Positivo,Son personas admirables,Positivo,Retroceder,Negativo,Viven,Ambiguo,Es un hotel en girardot,Neutro,Es su mentalidad,Ambiguo,Es reservada y exclusiva,Positivo,Me enfermaba mucho,Negativo,Obtiene buenos resultados,Positivo,A veces es muy rigida con su pensamiento ,Negativo,Es haberme sentido menos por ser yo,Positivo
44,Masculino.,mira,Negativo,es solo un día,Positivo,camaro 69,Positivo,un automovil,Neutro,prometedor,Positivo,Director,Neutro,de que mi hijo se quede solo,Negativo,leal,Positivo,jugaba,Positivo,Es crespa y sonriente,Positivo,tienen un relación,Ambiguo,"es una familia normal, alegre",Positivo,las personas mas cercanas,Positivo,es espectacular,Positivo,que no pasé mi tesis,Negativo,fuera mas alto,Neutro,la creatividad,Positivo,supera lo que me pasa en las relaciones,Positivo,pobrecitos,Negativo,lo inesperado,Ambiguo,eran horríbles,Negativo,perder a mi familia,Positivo,ahuyama,Neutro,era joven,Neutro,son felices,Positivo,es un farsa,Negativo,debería tratarme,Ambiguo,son muy profesionales,Positivo,tenemos un relacion superficial,Negativo,la primera carrera y no aprender a leer,Ambiguo,no envejeciera ,Ambiguo,memoria,Neutro,es un camaro 69 acompañadao de varios carros,Positivo,estaria en dificultades,Negativo,estare en la playa sonriendo,Positivo,lo saludo?,Neutro,a decir lo que pienso,Positivo,es la que sonrie y es sinsera,Positivo,practicaria un deporte,Positivo,somos diversos e interesantes,Positivo,espectacular,Ambiguo,"son diversas, felices y tristes",Positivo,es apasionada,Positivo,"son lo mejor del mundo, ",Positivo,no tener un propósito u horizonte,Negativo,es muy buena persona,Positivo,me levantaré,Positivo,soy muy débil ,Negativo,que mi hijo y mi esposa sean felices,Positivo,tendre 50,Neutro,son sabias y apasionadas,Positivo,callar,Negativo,viven sus vidas,Ambiguo,es mi hermana,Positivo,la hipocresía y la mentira,Neutro,esta bien por un lado,Ambiguo,era intenso y callado,Negativo,"esta bien, creo",Positivo,es muy complicada,Negativo,mentir a los que quiero,Negativo
20,Femenino.,Comprende ,Negativo,Lloro y río ,Ambiguo,Felicidad y tranquilidad ,Negativo,De mi hermano sería muy feliz ,Negativo,Intrigante y tenebroso ,Negativo,Son increíbles ,Positivo,Que me convierta en alguien sin un motivo ,Negativo,Es alguien con quien puedes ser completamente tú,Positivo,Me daba miedo la oscuridad ,Negativo ,Es alguien que te hace sentir feliz y tranquilo ,Positivo,Me hace sentir feliz ,Positivo,Es increíble ,Positivo,Mis amigos ,Positivo,Es una mujer que no puedo definir,Ambiguo,Vi a mi papá borracho ,Negativo,Me quisiera conocer más ,Negativo,Imaginar cosas extraordinarias ,Positivo,Tuviera el control de todas las cosas en mi vida ,Negativo,Lo disfrutaría mucho ,Negativo,Dejar una huella en la vida de al menos una persona ,Positivo,Eran increíbles ,Positivo,Mi papá ,Negativo,No tener paz ,Positivo,Era más extrovertida ,Negativo,Son un poco apresurados por la vida ,Positivo,Es una decisión complicada ,Positivo,Una chica miedosa ,Negativo,Les gusta como lo hago ,Positivo,Somos muy unidas ,Positivo,No arriesgarme ,Ambiguo,Me conociera más ,Negativo,Mi corazón ,Positivo,Si lo digo no sería secreto ,Ambiguo,Dicen que soy una buena persona ,Positivo,Reiré mucho más que hoy ,Ambiguo,Me da un poco de risa ,Ambiguo,Ser yo ,Positivo,Es mi familia ,Positivo,Me arriesgaría más ,Positivo,Son intrigantes ,Ambiguo,Me daría un poco de vergüenza ,Negativo,Son diferentes a la mía ,Ambiguo,Le gusta hacer muchas preguntas ,Positivo,Son seres llenos de amor ,Positivo,No ser como los demás ,Negativo,Un poco distante ,Ambiguo,Me siento genial ,Negativo,Me siento raro ,Negativo,Ser feliz ,Ambiguo,Espero ser alguien admirable ,Positivo,Me enseña bastante ,Positivo,Quedarme quieta ,Negativo,Se preocupan por mi ,Positivo,Es corriendo por la calle jugando ,Positivo,Es que son apresurados ,Negativo,Inactiva ,Negativo,Era muy risueña ,Positivo,Le gusta ,Positivo,Es un poco mandona ,Ambiguo,Es no intentarlo ,Negativo
20,Femenino.,Regaña ,Ambiguo,Hablo con mi mamá ,Positivo,Viajar ,Positivo,Recompensaría a mis compañeros ,Positivo,Intrigante ,Positivo,Tienen poder ,Positivo,Estar sola ,Negativo,Debe ser leal ,Positivo,Quería ser artista ,Positivo,Es una mujer con aspiraciones,Positivo,Visualizo un equipo ,Positivo,Me apoya mucho ,Positivo,Los hombres ,Ambiguo,Es comprensiva ,Positivo,Le dije algo hiriente a un amigo  ,Negativo,"Descansara más, estaría mejor de salud ",Positivo,Socializar ,Positivo,Mis padres trabajaran menos ,Negativo,Valoraría su opinión ,Positivo,Ser exitosa y feliz ,Positivo,Reconocían mi esfuerzo ,Positivo,Estar sola ,Positivo,Que las personas mientan ,Negativo,Era más activa ,Negativo,Son reservados ,Positivo,Debe ser ,Neutro,Una persona mayor ,Negativo,Les gusta como lideró ,Positivo,Somos amigas ,Positivo,No haber ,Neutro,Confiara más en el ,Positivo,Es mi familia ,Positivo,Es ser reconocida ,Positivo,Les gusta trabajar conmigo ,Positivo,Retribuiré todo el esfuerzo a mis padres ,Positivo,Intento entablar una charla ,Positivo,Estar sola ,Positivo,Es sincera ,Positivo,Aprovecharía más mis actividades extra curriculares ,Positivo,Son envidiosas ,Negativo,Sería con protección y consentimiento ,Positivo,Son disfuncionales ,Negativo,Propone ideas nuevas ,Positivo,Son amorosas ,Positivo,No estar entre las mejores calificaciones ,Negativo,Resiliente ,Positivo,Hablo con mi familia ,Positivo,Soy asertiva ,Positivo,Hacer lo que me gusta ,Positivo,Espero viajar con mi familia ,Neutro,Los respeto ,Positivo,Alejarme ,Negativo,Preguntan por mi ,Positivo,"Es estar en el pueblo con mi familia compartiendo una buena cena, intercambiando regalos en un ambiente muy acogedor y agradable ",Positivo,Es su pensamiento lógico ,Ambiguo,Es responsable ,Positivo,Jugaba a ser actriz o presentadora ,Positivo,Queda contenta con los resultados ,Positivo,Ella no reconoce la excelente persona que es ,Positivo,Es hacer a alguien a un lado ,Negativo
23,Femenino.,Presta atención,Negativo,me enojo,Negativo,una casa propia,Positivo,"un capital grande, trabajaría para multiplicarlo.",Positivo,prometedor,Positivo,me quieren,Positivo,ser mamá,Ambiguo,núnca se ríe de ti ,Positivo,se burlaban de mis labios,Negativo,"Trabajador, paciente, amoroso, consentidor, respetuoso, responsable",Positivo,depende del contexto me parecen tiernos,Positivo,es egoista,Negativo,mis superiores,Positivo,es responsable,Positivo,mi papá le pegaba a mi mamá,Negativo,"no hubiese muerto, le daría una lección.",Negativo,estudiar,Positivo,tuviese un poco más de dinero. ,Positivo,sería bastante estricta.,Negativo,ser una excelente profesional ,Positivo,me querían.,Positivo,envejecer.,Positivo,consumir bebidas alcohólicas.,Positivo,era muy explosiva.,Positivo,no saben administrar el tiempo.,Negativo,es para mi. ,Positivo,la lider. ,Ambiguo,me respetan.,Positivo,hablamos.,Positivo,No haber administrado bien mis recursos una vez inicié a trabajar.,Positivo,no hubiese muerto,Ambiguo,los hombres,Ambiguo,ser psiquiatra y la dueña de un centro de psiquiatría ,Positivo,aun nadie trabaja para mi.,Neutro,seré psiquiatra.,Positivo,sigo haciendo mi trabajo,Positivo,envejecer,Ambiguo,son los organizados.,Positivo,aun soy joven.,Neutro,somos muy risueñas,Positivo,me protegería.,Positivo,son disfuncionales,Negativo,es organizada.,Positivo,son amorosas,Positivo,nada.,Neutro,un desconsiderado.,Negativo,me enojo,Ambiguo,pido el favor.,Positivo,ser una excelente profesional,Positivo,espero tener mi propio negocio,Positivo,me respetan.,Positivo,huir.,Negativo,la verdad no me interesa.,Negativo,es cuando ganaba los primeros puestos en mi colegio.,Positivo,que somos muy emocionales.,Negativo,No es muy activa,Ambiguo,quería tener una buena casa,Negativo,me cuenta sus asuntos. ,Positivo,es un poco criticona.,Negativo,haberme fijado en un vividor. ,Negativo
39,Femenino.,Me ayudó,Negativo,Me acuerdo que es mi culpa,Negativo,Tener un establo,Positivo,Sería todo diferente ,Neutro,Me preocupa demasiado ,Negativo, Son responsables ,Positivo,Está soledad que tengo ,Negativo,Está contigo en las buenas y malas,Positivo,Sufrí mucho,Negativo,Tener estabilidad económica ,Positivo,Me da envidia,Negativo,Es un desastre ,Negativo,Algunos compañeros ,Positivo,En cierto momento sentí q no era de su agrado ,Negativo,Abusaron de mi,Negativo, Fuera más paciente ,Negativo,Las artesanías ,Positivo,Unas de mis hijas no me odiara tanto ,Negativo,Sería agradable ,Positivo,Estar bien  física y emocionalmente ,Positivo,Fueron recuerdos agradables ,Positivo,Las agujas,Negativo,Que opinen sobre mi vida o la crianza de mis hijos,Positivo,Era feliz tenía estabilidad económica ,Negativo,No piensan para actuar ,Negativo,Es bonita,Positivo,Normal ,Neutro,Con los que trabajé fueron agradables conmigo,Positivo,Estamos en buenos términos ,Positivo,Dejar a mi hija en cuidado de alguien mas,Negativo,No fuera tan malgeniado,Negativo,Mis hijos ,Positivo,No tengo ambición secreta ,Neutro,Nadie trabaja para mi,Neutro,Estaré bien ,Ambiguo,Cuando veía a mi ex jefe en ocasiones me daba nervios ,Negativo,Mi soledad,Positivo,Es la q no se mete y no opina de mi vida,Ambiguo,No cometería tantos errores que cometí ,Ambiguo,Somos posesivas,Negativo,Lo disfrutaría como si fuera la última vez ,Ambiguo,Son estables,Positivo,No hay que mandarlas,Ambiguo ,Somos sobreprotectoras,Negativo, Que mis padres me mandarán lejos,Ambiguo,Ermitaño,Neutro,Siento q nunca tengo suerte,Ambiguo,Deseo que hagan todo de inmediato ,Ambiguo,Volver a tener un hogar,Ambiguo,Tendré casa propia ,Positivo,Merecen respeto ,Positivo,No hablar con nadie,Negativo,Los pocos amigos que tengo se preocupan por mi,Positivo,Cuando un profesor me jalaba las orejas,Ambiguo,Que traten a las mujeres de locas cuando ellos la embarran,Negativo,Es inestable ,Negativo,Viví momentos muy desagradables,Negativo,Es chismosa,Negativo,Siento que a veces no encajamos,Negativo,Tomar decisiones precipitadas,Negativo
24,Femenino.,Trata mal,Positivo,Trato de tener calma,Positivo,Tener un buen amor,Negativo,Estaria bien ,Ambiguo,Incierto,Ambiguo,Las admiro ,Positivo,La vida,Negativo,Siempre esta para uno ,Positivo,Me encantaba jugar ,Positivo,"Que sea detallista, monogamico, que haga ejercicio ",Positivo,Que bien ,Positivo,Es muy linda,Positivo,No se,Neutro,Es muy buena con migo,Positivo,Conoci a mi ex,Negativo,No fuera alcohólico ,Negativo,Todo ,Ambiguo,Tuviera dinero,Positivo,Las trataria bien ,Positivo,Tener paz y plata ,Positivo,Fueron buenos,Positivo,Fracasar ,Positivo,La gente ,Negativo,Solia ser un persona muy curiosa,Ambiguo,Estan terribles,Negativo,Si creo ,Neutro,Una buena niña,Ambiguo,Bien ,Neutro,Somos muy cercanas ,Positivo,Haberme enmorado por segunda vez ,Negativo,Estubiera mejor económicamente ,Positivo,El temor ,Positivo,Ser rica ,Positivo,No tengo ,Neutro,Sere la mejor version de mi,Positivo,Nada ,Neutro,Enfrentar los miedos ,Positivo,Es la que es autentica ,Positivo,Estudiaria mas ,Positivo,Son unas duras,Positivo,Me siento incomoda,Negativo,Son unidas,Positivo,Hace bien su trabajo ,Positivo,Les toca duro,Neutro,Ser mujer,Negativo,Bueno ,Positivo,Me pongo a llorar,Ambiguo,Soy buena,Positivo,Tener plata para ayudar a mi familia ,Positivo,Tendre lo que simpre eh soñado ,Ambiguo,Bien ,Ambiguo,Estropear cuando me esta saliendo las cosas bien ,Negativo,Nada ,Neutro,Jugar en la casa de mi abuela,Positivo,Que no se bañen,Negativo,Es terrible ,Negativo,Era feliz ,Positivo,Es bien ,Positivo,Se enoja conmigo con facilidad ,Negativo,Es sabotear las cosas cuándo me estan saliendo bien,Negativo
18,Femenino.,Habla de forma altanera,Positivo,Siento frustración y estrés ,Negativo,Ser alguien destacada por sus habilidades ,Negativo,No sería tan agobiante ,Negativo,Incierto ,Ambiguo,Me generan inquietud ,Negativo,No sentirme amada,Negativo,Te dice las cosas con sinceridad y transparencia ,Positivo,Quería ser una mujer influyente ,Positivo,Responsable afectivamente y respetuoso ,Positivo,Me recuerda a mi pareja ,Negativo,Es un poco estresante ,Ambiguo,Alguien que sepa escuchar y entender ,Positivo,Se deja llevar por lo que dicen sus hermanas ,Negativo,Familiares se aprovecharon de mi inocencia y niñez,Negativo,Trabajara menos y se cuidara más ,Positivo,Designar actividades en un grupo,Positivo,Controlara mis emociones ,Positivo,Exigiría pero tendría en cuenta sus solicitudes ,Positivo,Ser alguien relevante para mí y mis papás ,Positivo,Solían llevarse bien conmigo ,Positivo,Ser rechazada ,Positivo,Repetir algo que he mencionado previamente y me genera dolor ,Negativo,Lloraba menos ,Negativo,"Están cayendo en ruinas mentales, solo piensan en modas impuestas y no valoran las relaciones interpersonales ",Positivo,"Requiere mucho compromiso, responsabilidad y creatividad ",Positivo,Alguien que no puede valer por sí sola,Negativo,Me estresan,Negativo,Somos parecidas ,Positivo,Permitir que mis emociones salieran con tanta libertad ,Negativo,Cuidara su salud y trabajara menos ,Positivo,Mis seres queridos ,Positivo,Ser alguien con muchos conocimientos y reducir considerablemente mi nivel de ignorancia ,Positivo,Suele sentir que soy exigente ,Negativo,Podré depender de mí ,Positivo,Sobre pienso ,Negativo,Experimentar cosas nuevas ,Positivo,Me habla con transparencia y no se creen superiores ,Positivo,Cuidaría mi cuerpo y mente,Positivo,Se sienten incomprendidas,Positivo,No permitiría acciones bruscas o que no me agraden,Positivo,Tienen problemas por dinero ,Neutro,Se esfuerza y exige en sus actividades ,Positivo,No sé informan sobre cómo tratar correctamente a sus hijos según la edad,Negativo,Ser un gasto considerable para mis papás ,Negativo,Trabajador ,Positivo,Trato de mantenerme positiva ,Positivo,Creo que estoy diciendo lo correcto ,Positivo,Estabilidad emocional ,Ambiguo,Voy a ser independiente y crecer personalmente ,Positivo,Tienen habilidades y características que me sirven de aprendizaje ,Positivo,Esconderme,Negativo,Se sienten relajados ,Negativo,Es cuando tenía tres años y fuimos a San Andrés con mis papás ,Positivo,Su falta de análisis y comprensión respecto a los sentimientos de una mujer y la cantidad de situaciones que pueden presentarse por una decisión ,Negativo,Es inestable ,Negativo,La vida era más tranquila ,Positivo,Se siente exigida,Ambiguo,Debe trabajar su confianza en mi ,Negativo,Hacerle bullying a una niña por su físico ,Negativo
24,Masculino.,ve jugar el deporte que amo. ,Negativo,Oro,Positivo,que fueran a verme jugar. ,Negativo,Haría lo que esté a mi alcance. ,Positivo,un presente vívido. ,Ambiguo,me enseñan todos los días. ,Positivo,las arañas y perder a la persona que amo. ,Negativo,Daría su vida por su amigo. ,Ambiguo,soñaba con ser jugador de baloncesto profesional. ,Positivo,Es que sea adventista del séptimo día y me ame. ,Positivo,me da alegria que aún se conserve la naturalidad. ,Negativo,es maravillosa. ,Positivo,"quien no sepa nada, pero esté dispuesta a aprender. ",Negativo,es única en seis cientos billones. ,Positivo,me frustré en un partido. ,Negativo ,me viera como lo intento. ,Negativo,Liderar. ,Positivo,viviera sin miedo. ,Negativo,Haría lo que fuera por explotar su potencial. ,Positivo,Ser mejor. ,Positivo,Sacaban lo mejor de mi. ,Positivo,No formar una familia. ,Positivo,Tener miedo. ,Positivo,Me arriesgaría más. ,Negativo,Deberían vivir actuando aún con miedo. ,Negativo,Es un reto maravilloso. ,Positivo,Debe. ,Ambiguo,Son agradables. ,Positivo,Aprendemos el uno del otro. ,Positivo,No actuar por miedo. ,Negativo,Fuera a mis partidos de pequeño. ,Negativo,Tener miedo. ,Positivo,Amar sin más  ,Neutro,Es mejor cada día. ,Positivo,Seré mejor. ,Positivo,Me da tranquilidad. ,Positivo,Atreverme. ,Positivo,Me hace ver mis errores. ,Positivo,Haría lo mismo. ,Ambiguo,Son personas queriendo superarse. ,Positivo,Las disfrutaría como si fueran la última o quizás la primera. ,Ambiguo,Son agradables. ,Positivo,Se esfuerza por mejorar. ,Positivo,Deberían aprender a confiar en Dios. ,Negativo,Lo que no puedo controlar. ,Ambiguo,Una gran persona. ,Positivo,Oro para que no dependa de ella sino de Dios. ,Positivo,Soy amable. ,Positivo,Ser feliz y predicar el evangelio. ,Positivo,Seré exitoso con la mujer que amo. ,Positivo,Solo son personas que fueron primiparos igual que yo. ,Ambiguo,Desistir a continuar. ,Negativo,Me ayudan a estar mejor. ,Positivo,Cuando me caí de una mesa. ,Neutro,Que se menosprecien. ,Negativo,Es perfecta. ,Negativo,Me encantaba salir a jugar. ,Positivo,Es muy paciente. ,Ambiguo,A veces habla muy fuerte. ,Ambiguo,Es creer que nadie me ve. ,Ambiguo
25,Femenino.,Me falla,Positivo,Trato de buscar la raíz del problema ,Positivo,Ser feliz,Negativo,Trataría a todos con respeto,Positivo,Angustiante ,Negativo,Pocas veces son empáticas,Negativo,El futuro y no cumplir todas mis metas ,Negativo,Siempre está ,Positivo,Me divertía ,Positivo,Alguien que me apoye y que si me estoy equivocando me corrija desde el amor ,Positivo,Siento extraño,Negativo,Es lo mejor que me ha pasado ,Positivo,Con mis compañeras ,Positivo,Es amorosa ,Positivo,Me hicieron sentir menos,Negativo,Se hubiera esforzado un poco más,Negativo,"La organización, la creatividad",Positivo,Pudiera ser 100% independiente,Negativo,Nunca los haría sentir menos,Positivo,Ser muy feliz,Positivo,Me subestimaban,Negativo,El futuro,Positivo,Las injusticias,Positivo,Era insegura,Positivo,Son poco luchadores,Ambiguo,Es complicada,Ambiguo,Un ser único,Positivo,Son fortalezas,Positivo,Somos muy Unidas,Positivo,Confiar en los demás,Negativo,Siempre estuviera conmigo ,Ambiguo,Mi gran empatía ,Positivo,Tener mucho dinero ,Positivo,Es amable ,Positivo,Seré muy feliz ,Ambiguo,Siento confianza ,Positivo,Que las cosas salgan mal ,Positivo,Es la sincera ,Positivo,Disfrutaría más ,Positivo,No cumplen su rol ,Negativo,Siempre me cuidaría,Positivo,Son unidas ,Positivo,Nunca se tiende ,Neutro,Son amorosas ,Positivo,No encajar ,Negativo,Amoroso ,Positivo,Me alegro ,Negativo,Me siento mal ,Negativo,Ser feliz ,Ambiguo,Quiero cumplir mis objetivos y ser muy feliz ,Positivo,Es narcisista ,Negativo,Huir de lugares ,Negativo,Siempre hablan cosas buenas de mi ,Positivo,Jugar con mis amigos ,Positivo,Su poca capacidad de resiliencia ,Negativo,Es sagrada ,Positivo,Era muy feliz ,Positivo,Es autoritaria ,Negativo,Quisiera que pensara más en ella ,Positivo,Dejar que me repitan muchas veces que ahí no es mi lugar ,Positivo
39,Femenino.,Consiente ,Negativo,No creo en mala suerte ,Neutro,Casarme,Negativo,De una empresa ,Neutro,Incierto ,Ambiguo,"Las veo igual a mí, no tengo prejuicios",Positivo,Quedarme solterona,Negativo,Quién no te crítica ,Ambiguo,Me gustaba bailar,Positivo,Cristo Jesús ,Neutro,Me recuerda la creación perfecta ,Ambiguo,Es perfecta,Negativo,Todos,Positivo,Es mi amor,Positivo,Fui ultrajada,Negativo,Viviera,Negativo,Seguir creciendo en espíritu y conocimiento ,Positivo,Cristo volviera,Negativo,Serían bien instruidos,Positivo,Ir al cielo,Positivo,Eran muy buenos instructores,Positivo,La oscuridad ,Positivo,Que me juzguen sin conocerme ,Positivo,Lloraba mucho,Positivo,Deben conocer de Cristo ,Ambiguo,Es la vida que creo Dios para nosotros ,Ambiguo,Una reina ,Positivo,Son excelentes personas,Positivo,Éramos las mejores amigas,Positivo,Idealizar a una persona ,Negativo,Estuviera vivo ,Ambiguo,La comida casera,Positivo,Viajar por el mundo ,Positivo,Es feliz,Positivo,Seré Gerente,Positivo,me alegro ,Positivo,Ser obesa,Positivo,La gente que sonrie,Positivo,No idealizaria,Positivo,Se necesitan,Positivo,Con mi esposo,Ambiguo,Son originales ,Positivo,Sonrie,Positivo,Son luchadoras,Positivo,De ser bajita,Negativo,Mi ayudador,Positivo,No creo en la suerte,Neutro,Soy escuchada,Positivo,Mi felicidad y la de mi familia ,Positivo,Volveré a mí casa,Ambiguo,Son los adultos mayores,Ambiguo,Esforzarme más ,Positivo,Me buscan,Positivo,Salir de viaje con mi mamá ,Positivo,La falta de palabra ,Negativo,Tranquila y feliz ,Positivo,Me gustaba bailar ,Positivo,Sonrie y es Feliz ,Positivo,No hay peros la amo...,Positivo,Pecar contra DIOS.,Negativo
26,Masculino.,ignora,Positivo,suelo estresarme,Negativo,aprovechar mas el tiempo,Negativo,haría siempre lo mejor,Positivo,determinante en base a las decisiones del presente,Ambiguo,son mis maestros,Positivo,no ser profesional ,Negativo,"es leal, honesto y fiel.",Positivo,"era muy independiente, y envidiaba todo",Negativo,"Es alguien que desee progresar, iniciativa, determinacion que comprenda el valor de tiempo.",Positivo,pienso en todo el proceso de adaptacion personal y cambios interno para beneficio de ambos,Positivo,"es invidualista, pero tambien son un gran apoyo en ciertos momentos",Positivo,el tipo que sea administrativo y requiere mas análisis ,Neutro,es alguien sumamente fuerte e independiente emocionalmente ,Positivo,agredí brutalmente a mi primo ,Negativo,"tuviese trabajo, estuviese mas tranquilo",Positivo,"liderar, administrar, organizar, asistir.",Positivo,viviera en un pueblo y tuviese un finca.,Positivo,crecerían en todas las áreas necesarias para avanzar ,Positivo,ser un profesional.,Positivo,"eran increibles, tenia fidelidad con todos.",Positivo,que me traicionen,Ambiguo,"el engaño, o alguien que hable demasiado de manera mediocre",Negativo,me tomaba todo personal ,Positivo,pueden ser mejores personas,Positivo,se puede complementar perfectamente si se trabaja en equipo.,Positivo,alguien que no tiene sentimientos.,Negativo,son leales a mi amistad y se preocupan por mi,Positivo,tenemos poca comunicacion,Negativo,no aprovechar una oportunidad universitaria,Negativo,tuviese mejor salud y un trabajo,Positivo,es la gente que amo,Positivo,es ser millonario.,Positivo,deben ser leales,Ambiguo,seré un gran profesional,Positivo,demuestro mas seguridad y no me dejo intimidar,Positivo,el futuro,Ambiguo,es la ambiciosa e inteligente ,Positivo,estudiaría mas cursos ,Positivo,complementan la sociedad. bien o mal influyen en algo en mi vida.,Positivo,seria muy ingenioso ,Ambiguo,"son adineradas, y profesionales",Neutro,"es ambiciosa, comprometida  y fiel",Positivo,son personas para respetar y agradecer.,Positivo,no ser mas disciplinado,Negativo,un personaje de apoyo.,Positivo,persisto en cambiar para mejores resultados,Positivo,empatizo con cada personalidad,Positivo,ser profesional ,Positivo,tendre un negocio inmobiliario ,Positivo,los veo con respeto ,Positivo,tomar decisiones por impulso,Negativo,se preocupan por mi,Positivo,era cuando veia a mi padre ,Ambiguo,es la arrogancia,Negativo,"es delicada, y selectiva, super reservada",Positivo,inventaba muchas cosas,Ambiguo,aprende y copia mi personalidad ,Ambiguo,es imprudente con sus comentarios,Negativo,fue cuando robe del diezmo de una iglesia,Negativo
51,Femenino.,No me quiere,Negativo,Es triste,Negativo,Estudiar,Negativo,Mis nietos ,Neutro,Incierto ,Ambiguo,Me tratan bien ,Positivo,Perder un hijo o a mi madre,Negativo,Es la persona más leal,Positivo,Fui maltratada,Negativo,Ser buena madre,Positivo,Felicidad,Positivo,Es unida ,Positivo,Con todos ,Positivo,Es un tesoro ,Positivo,El abuso que sufrí en mi niñez,Negativo,Hubiera estado ,Negativo,La cocina,Positivo,Si estuviera mi esposo,Negativo,Estarían bien,Positivo,Que todos los días fueran felices,Negativo,Fueron exigentes,Ambiguo,De perder a mi madre,Negativo,La injusticia ,Positivo,De estar mis hijos,Neutro,Lo quieren todo facil,Negativo,Es desechable ,Negativo,Me lo merezco ,Ambiguo,Son eficientes,Positivo,No hubo una relación ,Negativo,No valorar mi juventud ,Negativo,Estuviera ,Ambiguo,Mi miedo,Positivo,Tener dinero ,Positivo,Son felices,Positivo,Morire,Ambiguo,No pasa nada,Neutro,De perder vel miedo ,Positivo,Cuando están unidas,Neutro,Aprovecharía el tiempo ,Positivo,Son infelices ,Negativo,No pasa nada,Neutro,Tiene problemas ,Ambiguo,Que es activa,Positivo,Aman a sus hijos,Positivo,Mi situación ,Ambiguo,Irresponsable ,Negativo,Hay tristeza ,Ambiguo,No me siento bien,Negativo,Ser feliz,Ambiguo,Cumpliré mis metas ,Positivo,Me gustaría que fueran más humildes ,Ambiguo,Llorar,Negativo,Me llaman,Positivo,Cuando jugaba con mis amigos,Positivo,El machismo,Negativo,No hay vida sexual ,Negativo,Hubieron tiempos tristes,Negativo,Conmigo está bien ,Positivo,Tiene mal temperamento,Negativo,No valorarme ,Negativo
23,Masculino.,Me nada,Neutro,Depende,Neutro,Siempre hay que tener esfuerzo para anhelar,Neutro,Probablemente nada aun,Neutro,Hay que esperar que llegue,Ambiguo,Todo por igual,Positivo,A Jehová ,Ambiguo,Solo hay uno,Negativo,Estaba bien,Positivo,No,Neutro,No pasa nada,Neutro,Bien,Neutro,Conmigo mismo,Negativo,Es mi vida,Positivo,Que nada ,Neutro,No esta,Neutro,Depende ,Neutro,Si hay vida siempre hay que estar feliz,Negativo,No la hay,Neutro,Nada,Negativo,Fueron bien,Positivo,Nada,Positivo,Depende de mis gustos,Neutro,Nada,Neutro,No se no la pienso,Neutro,Es sagrado,Positivo,Bien,Positivo,Super bien,Neutro,Excelente bien,Positivo,No hay error,Negativo,Esta bien asi,Neutro,Es secreto,Neutro,No hay,Neutro,Otra vez,Neutro,Algun dia no hay que vivir el momento ,Ambiguo,Normal ,Neutro,Nada,Neutro,Depende,Neutro,Siempre estoy,Neutro,Bien,Neutro,Secreto,Ambiguo,Bien,Neutro,Que ayude,Positivo,Son madres y ya,Neutro,De nada,Neutro,Es bien,Positivo,No hay suerte,Neutro,No doy ordenes ,Neutro,Es nada ,Neutro,Momento,Neutro,Normal,Neutro,A nada,Neutro,No hay amigos ,Negativo,Colegio,Neutro,Todo bien,Neutro,Secreta,Ambiguo,Estaba bien como ahora,Positivo,Esta bien,Positivo,Siempre agrada,Positivo,Nada,Neutro
22,Masculino.,Entiende ,Negativo,Me rio,Ambiguo,Una moto ,Positivo,Todo sería distinto ,Neutro,Peligroso,Negativo,Espero hagan las cosas bien ,Positivo,Ponerme más viejo ,Negativo,Te habla con franqueza ,Positivo,Todo fue muy fácil ,Positivo,No existe ,Negativo,Suelo pensar en como debe ser su relación en realidad ,Ambiguo,Es más pacífica ,Positivo,Mujeres ,Ambiguo,Es mi ejemplo a seguir ,Positivo,Envié ese mensaje ,Negativo,Se atreviera a hacer las cosas diferentes ,Ambiguo,Hacer cualquier cosa que se me pida ,Negativo,Tuviera libertad económica ,Positivo,Sería el mejor jefe ,Ambiguo,Que todo salga bien ,Negativo,Solían llamarme por mi apellido ,Negativo,Fracasar ,Positivo,La sandía ,Neutro,Todo era más simple ,Ambiguo,Tienen falta de carácter ,Negativo,Es un gran paso ,Positivo,Alguien muy importante ,Positivo,Suelen ser muy distraídos ,Negativo,Tenemos muchas cosas en común ,Positivo,Aceptar eso ,Ambiguo,Viva un poco mas ,Positivo,Son los helados ,Neutro,Es ser piloto y baterista ,Positivo,Es muy obediente ,Ambiguo,Tendré mi propia empresa ,Positivo,Lo miro fijamente ,Neutro,Decir todo lo que pienso ,Positivo,Siempre está muy lejos ,Negativo,Habría hecho muchas más cosas ,Positivo,Mienten ,Negativo,Las disfrutaría ,Positivo,Son disfuncionales ,Negativo,Sabe lo que tiene que hacer ,Ambiguo ,Les duele ver crecer a sus hijos ,Positivo,Que mi padre se hubiera ido ,Negativo,Mentiroso,Negativo,Suelo reírme ,Positivo,Se obedece ,Neutro,Ser profesional ,Positivo,Tendré mi esposa ,Ambiguo,Son personas excepcionales ,Positivo,Hacer silencio ,Negativo,Tampoco están ,Negativo ,Es aprender a manejar bicicleta ,Positivo,La feminidad ,Negativo,Es buena ,Positivo,Era más gordito ,Ambiguo,Están satisfechos ,Positivo,Es muy exagerada,Negativo,Un par de mentiras que no debí decir ,Negativo
25,Femenino.,Habla de cosas de su vida,Negativo,Me pongo triste,Negativo,Encontrar un objetivo de vida,Negativo,Analizaría mas,Positivo,Ansioso,Negativo,Me intimidan,Negativo,No encontrar un objetivo ,Negativo,Escucha apoya e impulsa,Positivo,Era muy feliz ,Positivo,Alguien que impulsa y acompaña,Positivo,Pienso en que ojalá se lleven muy bien independientemente de que sean pareja o no,Positivo,Es bastante funcional ,Positivo,Cosas administrativas ,Neutro,La amo,Positivo,Me rompieron el corazón ,Negativo,Fuera más racional ,Negativo,Artes mixtas,Positivo,Pudiera dedicarme a algo que de verdad me guste y de un propósito ,Negativo,...,Neutro,Salir adelante y autosuperarme,Positivo,Eran super,Positivo,La soledad,Positivo,La soledad,Negativo,...,Neutro,Son muy superficiales,Negativo,Es complicada,Negativo,La mejor,Positivo,Tienen sus propios problemas,Negativo,Nos amamos,Positivo,No seguir mi presentimiento ,Ambiguo,Se mejore,Positivo,Sobrepensar,Negativo,Viajar y cambiar de país ,Positivo,....,Neutro,Seré feliz ,Ambiguo,Me pongo alerta,Negativo,Fracasar y volver a intentar ,Positivo,Es la tranquila y animada ,Positivo,...,Neutro,Son superficiales ,Negativo,Me protegería,Positivo,Son disfuncionales,Negativo,Ayuda y no es problemática ,Ambiguo ,No escuchan,Negativo,Nada,Neutro,El mejor que pudo ser,Positivo,Me da ansiedad ,Ambiguo,Trato de ser amable ,Positivo,Autosuperarme ,Positivo,Iré mejorando ,Positivo,Me inspiran,Positivo,Estancarme,Negativo,Hablan mal de mi,Negativo ,Mi familia junta y con salud ,Positivo,....,Neutro,Es regular ,Ambiguo,...,Neutro,...,Neutro,A veces no se deja hablar,Negativo,Es no poner límites ,Negativo
24,Femenino.,Habla,Negativo,Lloro,Ambiguo,Tener una familia unida ,Negativo,Todo estaria a tiempo,Positivo,Incierto,Ambiguo,Me son ejemplo ,Positivo,Los abrazos ,Negativo,Siempre comprende ,Negativo,Debi ser feliz ,Negativo,En su vida este Dios ,Positivo,Me da orgullo ,Ambiguo,Es una porqueria ,Negativo,El orden ,Ambiguo,Es una berraca. ,Positivo,Abusaron de mi ,Negativo,Me diera atención ,Negativo,Cuidar el cutis ,Positivo,Mi mente eliminara recuerdos ,Negativo,Sería una jefa feliz,Positivo,Obtener lo que he querido ,Ambiguo,Eran buenos ,Positivo,Las culebras ,Negativo,Cuando hay mucha bulla  ,Ambiguo,Debi comprender muchas cosas ,Positivo,Deben soltar sus celulares y leér libros fisicos.,Ambiguo,Es un privilegio ,Positivo,Nace de sus corazónes ,Ambiguo,Son buenas personas ,Positivo,Tenemos buena relación,Positivo,No comprender lo que sucedia ,Ambiguo,Cumpliera su rol ,Negativo,Mis hermanos,Positivo,Tener animales y una finca ,Positivo,No existe ,Neutro,Sere la viejita de las matas ,Ambiguo,Que llegue ,Negativo,Socializar ,Positivo,Es la que toma iniciativa de conversa ,Positivo,Hablaria todo lo que me paso ,Positivo,No son conformes ,Negativo,Que rico ,Positivo,No son unidas ,Negativo,Es puntual y empática ,Positivo,Sufren ,Positivo,Callar la violencia ,Negativo,Sin palabras ,Neutro,"Doy gracias a Dios, mejores cosas han de venir ",Positivo,Tengo miedo,Negativo,Olvidar cosas ,Negativo,Estare mejor ,Positivo,Los respeto,Positivo,Llorar y ser más callada ,Negativo,Ni me pelan ,Negativo ,Mi mamá sufriendo ,Negativo,Su forma de pensar hoy en dia ,Ambiguo,Tranquila ,Positivo,Sin palabras ,Neutro,Ta bien,Positivo,Hay cosas que mejorar ,Ambiguo,Intentar desvivirme ,Negativo
41,Masculino.,Propuso jugar,Negativo,Es porque Dios no lo puse en primer lugar,Negativo,Ser el mejor,Negativo,Daría lo mejor de mi,Positivo,Incierto,Ambiguo,Me observan,Negativo,Morir,Positivo,Lo respeta ,Positivo,Jugaba,Positivo,Ser como soy,Negativo,No los envidio,Positivo,Igual,Neutro,Mi esfuerzo ,Negativo,Lo mejor,Positivo,No me arriesgué,Ambiguo ,Me hubiese llamado,Negativo,Todo,Negativo,Pudiera darle mejor vida a mi familia,Positivo,Yo daría ejemplo,Positivo,Recibir lo que doy,Positivo,Me admiraban ,Positivo,Perder Ami madre,Positivo,Las mentiras ,Neutro ,Pasado,Neutro,No quieren ser alguien en la vida,Negativo,Es un compromiso para toda la vida,Positivo,Todo un caballero,Positivo,Me apoyan,Positivo,Somos uno,Ambiguo,No aprovechar oportunidades ,Negativo,Estuviera vivo,Ambiguo,Mi hija,Positivo,Tener mucho dinero,Positivo,Un ejemplo,Neutro,Sere lo mejor de mi,Positivo,Lo saludo,Positivo,Morir,Ambiguo,Están a mi lado,Positivo,Aprovecharía el tiempo,Positivo,Luchan por un ideal,Positivo,Con prevención ,Positivo,Son felices,Positivo,Me apoya,Positivo,Dan lo mejor de ellas,Positivo,No aprovechar el tiempo,Positivo,Fue irresponsable ,Negativo,Le pidió a Dios,Ambiguo,Lo digo con autoridad ,Positivo,Tener tiempo para la familia,Positivo,Me pensiono ,Positivo,Los respeto,Positivo,Esforzarme,Positivo,Me llaman,Positivo,Nadar,Neutro,Viven por vivir,Ambiguo,Con suavena,Ambiguo,quería ser grande,Ambiguo,Obedecen,Negativo,Se fue,Negativo,Estar de relax ,Ambiguo
24,Masculino.,Motiva a hacer cosas innovadoras que me puedan beneficiar a futuro ,Negativo,Suelo estar deprimido ,Negativo,"Estudiar una carrera profesional, siento que la vida es un poco injusta ",Negativo,Creo que me costaría estar en ese papel ,Negativo,Incierto ,Ambiguo,Los admiro y me dan consejos ,Positivo,Ser un fracasado ,Negativo,A veces pensamos que un verdadero amigo debe estar en todo momento y no es así ,Ambiguo,Sentía que las cosas de la vida eran tan fácil de obtener ,Positivo,Los valores de cada persona sea mujer o sea hombre ,Positivo,No me causa impresión ,Neutro,Tenemos mucha empatía ,Positivo,Saray prioló castro ,Positivo,Es una Reina ,Positivo,Se accidentó mi novia.,Negativo,Fuera un poco más cariñoso conmigo ,Negativo,Manejo de herramientas ofimáticas ,Positivo,Tuviera un trabajo fijo y fuera un poquito más independiente ,Positivo,No me veo como un jefe ,Ambiguo ,Que la vida algún día se dé cuenta de que he sufrido y he pasado por tantas cosas que ya merezco algo mejor ,Negativo,Todos eran muy buenos docentes,Positivo,Ser independiente ,Positivo,"Salir a fiestas, tomar alcohol y el desorden ",Ambiguo,De un accidente que tuve pienso que pude tener oportunidades de conseguir trabajo y ya llevara tiempo trabajando en aquello que estuve a punto de hacer ,Negativo,No les gusta estudiar ,Negativo,Puede ser un poco difícil por lo que ya tienes más responsabilidades ,Positivo,"A veces siento que me regañan por todo, a veces me tratan bien y así ",Negativo,Suelen ser muy divertidos ,Positivo,Hemos pasado por tantas cosas juntos ,Ambiguo,"Pensar que estudiar no era bueno y todo lo contrario, tarde comprendí que es lo mejor que uno como ser humano puede y debe hacer ",Negativo,Cambiará la forma de tratarme o de decirme las cosas ,Negativo,"Mi cerebro, pienso muchas tonterías y quiero Cambiar mucho en esa parte ",Negativo,"Antes no tenía ese pensamiento de ambición, pero ahora que ya soy adulto me gustaría tener varias cabezas de ganado o una casa propia ",Positivo,No tengo trabajadores ,Neutro,"Quisiera que ya la vida de la vuelta y cambiar muchas cosas en mí, la forma de ver la vida.",Negativo,Me da un poco de nervios ,Negativo,Hablar en público ,Positivo,"Personas cencillas, humildes y tratables ",Positivo,Me gustaría cambiar la forma de pensar ,Ambiguo,Tienen un autoestima muy grande ,Positivo,El tener relaciones sexuales me tiene el cerebro enfermo.,Negativo,La mayoría son muy amables ,Positivo,Me ayude a crecer a nivel personal y laboral ,Positivo,No le ponen mayor cuidado a los hijos ,Negativo,No querer estudiar ,Negativo,A veces es un poco grosero cuando yo solamente le pregunto algo ,Negativo,Me va mal en todo lo que quiero hacer ,Negativo,No soy jefe ,Neutro,"Poder ser independiente, tener un hogar, una familia etc",Positivo,Espero que ya las cosas sean diferentes ,Ambiguo,"Mi jefe, mi mamá,.mi papá, mi hermana mayor y cualquier persona que me hable con respeto o sea mayor que mi persona ",Positivo,Tener mayor confianza en mi mismo ,Positivo,Salen a disfrutar siempre ,Negativo ,"Recuerdo que solía montar caballo con mi papá todos los días, aunquee regañaba siempre",Ambiguo,La forma de tratar a las demás ,Ambiguo,"Se ha convertido en un caos total, siento que mi cerebro está un poco afectado por esa parte ",Negativo,No me gustaba la escuela ,Negativo,No soy empleador ,Neutro,A veces me molestan sus actitudes ,Negativo,Querer engañar a mi novia y ahora sé que esa niña ha sido tan linda conmigo ,Negativo
19,Femenino.,Llaman por teléfono ,Negativo,Dios está conmigo,Positivo,Ser militar,Negativo,Trataria de hacerlo mejor,Positivo,Algo misterioso,Ambiguo,Se esforzaron por estar ahí ,Positivo,Un accidente ,Positivo,Nunca falla,Negativo,Me daba miedo la oscuridad ,Negativo,Es que sea religiosa ,Positivo,Me alegro por ellos ,Positivo,Es unica y especial ,Positivo,Mi esposo,Positivo,Es la mejor de todas ,Positivo,Que me caí  de un árbol,Negativo,"Estuviera cerca de mi, lo aprovecharia al maximo ",Positivo,Enseñar a los niños y adultos ,Positivo,Si llevo una vida espiritual sana,Positivo,Trataria de darles el mejor trato como personas ,Positivo,Lograr ser profesional ,Positivo,Fueron muy ejemplares ,Positivo,Tener un accidente ,Negativo,Que maltraten a las personas ya sea verbal o fisicamente ,Positivo,Era muy tímida ,Positivo,Se dejan llevar por muchas cosas que no contribuyen a su futuro ,Negativo,Es muy bonita si sabemos el verdadero sentido del matrimonio ,Positivo,Princesa ,Positivo,No trabajo,Neutro,Somos super amigas ,Positivo,Decirle un día a mi mamá que no la quería ,Negativo,Estuviera cerca de mi ,Negativo,Es la inseguridad ,Negativo,Darle una casa a mi mamá ,Positivo,No tengo trabajadores ,Neutro,Seré mejor que hoy ,Positivo,Me daban nervios ,Negativo,Expresar mis sentimientos cuando estoy triste,Positivo,Es la que es chevere sin tratar de ofender ni opacar a los demas ,Positivo,Pensaria mejor para tomar una decision ,Positivo,Tenemos un secreto que nadie sabe ,Ambiguo,Me cuidaria con planificacion para no tener un embarazo no deseado ,Positivo,Tienen problemas ,Ambiguo,Le gusta trabajar sin problemas ,Ambiguo ,Han pasado una etapa difícil que las hizo fuertes ,Positivo,Que le pegaran a mi hermana ,Negativo,Distante ,Negativo,No creo en la suerte ,Neutro,Trato de dar ejemplo ,Positivo,Llevar una verdadera vida cristiana ,Positivo,Deseo tener mi propia casa ,Positivo,Los respeto ,Positivo,Quedarme callada ,Negativo,Se preocupan ,Positivo,Cuando jugaba al carrito con mis hermanos ,Positivo,Es que hablen mal de una mujer ,Negativo,Es activa pero llevo conmigo el hecho de ser responsable con mis actos ,Positivo,Le tenía miedo a la oscuridad ,Negativo,No trabajo actualmente ,Neutro,No hay mada mejor que escucharla ,Positivo,Fue pegarle a mi hermano mayor ,Positivo
25,Masculino.,Llama,Negativo,No creo en la suerte ,Neutro,Ser cristiano ,Negativo,Los trataria con respeto,Positivo,Incierto,Ambiguo,Las respeto ,Positivo,A perder la vida eterna ,Negativo,Nunca me abandona ,Negativo,Deseaba ser adulto ,Ambiguo,Es ser como Cristo ,Positivo,Solo los miro y ya ,Positivo,Es la mejor ,Positivo,Con mi esposa ,Positivo ,Es la mejor ,Positivo,Dejé a mi novia ,Ambiguo ,Fuera mas atento ,Negativo,Casi todo ,Negativo,No le fallara a Dios ,Negativo,Les pagaría lo justo y con propina ,Positivo,Ser mejor persona con la ayuda de Dios ,Positivo,Me enseñaron muy bien ,Positivo,Fallarles ,Positivo,Faltar al respeto a alguien ,Positivo,Pensaba q todo seria facil ,Negativo,Le dan mal uso a la tecnología ,Negativo,Es bonita cuando Cristo ocupa el primer lugar ,Positivo,El loco ,Negativo,No estoy trabajando ,Neutro,Nos llevamos muy bien ,Positivo,Apartarme un tiempo de Dios ,Negativo,Fuera mas atento con sus hijos ,Negativo,No orar ,Ambiguo,Darle una casa grande a mi madre ,Positivo,No tengo empresa ,Neutro,Seré esa persona q Dios quiere q sea ,Ambiguo,No estoy trabajando ,Neutro,Estar solo ,Positivo,No quisiera que se fuera ,Negativo,Tomaría mejores decisiones ,Positivo,Necesitan acercarse mas a Dios,Ambiguo,Lo hago con responsabilidad ,Positivo,Pasa casi lo mismo q en la mia ,Neutro,Quiere trabajar ,Positivo,Queren lo mejor para sus hijos ,Positivo,De q le pegaran a mi hermano ,Negativo,Muy distante ,Negativo,No creo en la suerte ,Neutro,Trato de hacer lo de la mejor manera ,Positivo,Agradar a Dios ,Positivo,Tendre con la ayuda de Dios mi propio negocio ,Positivo,Las respeto mucho ,Positivo,Sentirme incapaz,Negativo,Me extrañan ,Positivo,Es jugar futbol con mis primos ,Positivo,Es que digan que no necesitan al hombre,Negativo,Totalmente activa,Positivo,Deseaba ser adulto ,Ambiguo,Me pregunta de donde soy ,Neutro,A veces la hago enojar ,Ambiguo,Es fallarle a Dios ,Negativo
25,Femenino.,Quiere,Negativo,No creo en la suerte ,Neutro,Tener muchos hijos ,Negativo,,Neutro,Incierto ,Ambiguo,Me dan miedo ,Negativo,El futuro ,Ambiguo,"Es leal, y te dice la verdad, no lo que quieres escuchar ",Positivo,Me gustaba mucho ir a piscina con la familia ,Positivo,Que ame a Dios por sobre todas las cosas ,Ambiguo,No pienso nada ,Neutro,Si ,Neutro,Mujeres ,Ambiguo,Me ama ,Positivo,Todas las veces que pase vergüenza ,Negativo,No me hubiera abandonado ,Negativo,Muchas cosas ,Ambiguo,Mi relación con Dios fuera mas cercana ,Positivo,Sería empática ,Positivo,Ser salva ,Positivo,Me agradaban mucho ,Positivo,Perder a mi familia ,Positivo,La gente que se burla de los demás ,Positivo,Estaba más sola ,Positivo,"Sin muy vanidosos, y materialistas ",Negativo,Es difícil pero también es lo más hermoso que un ser humano puede vivir ,Positivo,Una reina ,Positivo,No trabajo ,Neutro,Somos mejores amigas ,Positivo,Perder tiempo con gente que se aprovechaba de mi ,Negativo,Y yo tuviéramos una relación más cercana ,Negativo,"Mi esposo, mi hija ",Positivo,Tener plata ,Positivo,Nadie trabaja para mí ,Neutro,Tendré lo que soñé ,Positivo,"No tengo, pero si tuviera sentiría miedo ",Negativo,Morir ,Ambiguo,Es la que más me demuestra que le importo ,Positivo,Disfrutaría más a mis abuelitos ,Positivo,En esta época son inmaduros ,Negativo,Solo con mi esposo ,Positivo,Se aman mucho ,Positivo,Me enseña sin necesidad de hacerme sentir menos ,Positivo,Son una bendición de Dios ,Positivo,No tener buenas relaciones con amigos ,Negativo,Una persona que perdió mucho tiempo ,Negativo,No creo en la suerte ,Neutro,Espero tener el límite claro sin ser arrogante ,Positivo,"Poder darle una buena vida a mi hija en todos los ámbitos, más en el espiritual ",Positivo,Espero que Dios me bendiga con cada propia ,Positivo,Pienso que es gente muy inteligente ,Positivo,No tomar buenas decisiones ,Negativo,Me extrañan ,Positivo,Mis 15 años ,Ambiguo,La infidelidad ,Negativo,Es muy bonita ,Positivo,Me gustaba salir a jugar ,Positivo,N/R,N/R,Me hubiera gustado no perder tanto tiempo en peleas,Positivo,Mentir ,Negativo
32,Masculino.,Lastima ,Positivo,No creo en la suerte ,Neutro,Ser futbolista profesional ,Negativo,Haría lo mejor posible ,Positivo,Retador ,Positivo,Las admiro ,Positivo,No Hacerlo  ,Neutro,Está siempre a pesar de las circunstancias ,Negativo,Jugaba mucho ,Positivo,Ama Dios por encima de todo,Ambiguo,Me parece excelente ,Positivo,Hace la diferencia ,Positivo,Todos,Positivo ,Lo mejor que me regaló Dios ,Positivo,Perdí ,Negativo,Continuará su estudio ,Positivo,Mi trabajo ,Positivo,No existiera el mal ,Negativo,Sería más solidario,Positivo,Ser mejor cada día ,Positivo,Me querian,Positivo,Fracazar ,Positivo,El desorden ,Ambiguo,Fue ,Neutro,Son de frágiles mentales ,Negativo,Es la mejor parte de la vida ,Negativo,El mejor padre ,Positivo,Piensan bien de mi ,Positivo,Nos ayudamos ,Positivo,Alejarme de Dios ,Negativo, cumpliera sus sueños ,Positivo,Timidez ,Negativo,Negocio rentable ,Positivo,Bien remunerada ,Positivo,Tendré mi casita ,Positivo,Lo saludo ,Positivo,Las alturas ,Positivo,Tiene ideas en comun,Positivo,Iría por mi sueño de niño ,Positivo,Son hermosas ,Positivo,Con mi esposa ,Positivo,Son unidas ,Positivo,Le gusta esforzarse a si no sepa del tema ,Positivo,Hacen lo mejor por su familia ,Positivo,Nada ,Neutro,El mejor que me puedo tocar ,Positivo,No creo en la suerte ,Neutro,Espero que se haga lo mejor posible ,Positivo,Ser dalvo,Neutro,Tendré mi casa ,Positivo,Personas con experiencia ,Positivo,No actuar ,Negativo,Me llaman ,Positivo,Jugar fútbol ,Positivo,Se creen superiores ,Negativo,Excelente ,Positivo,Feliz ,Positivo,Está bien ,Positivo,Le hace falta dejar el rencor ,Negativo,Mentiras ,Neutro
28,Masculino.,Escucha ,Negativo,Me da rabia ,Negativo,3 mujeres ,Negativo,De una empresa ,Neutro,Incierto ,Ambiguo,No me importan,Negativo,Morir ahogado ,Positivo,No existe ,Negativo,Me gustaba jugar al futbol ,Positivo,No existe ,Negativo,Me da risa ,Negativo,Es perfecta ,Negativo,Ninguno ,Negativo,No estuvo junto a mi ,Negativo,Lloré toda una noche ,Negativo,Se escuchará más ,Positivo,El debate ,Positivo,No tuviera ansiedad ,Positivo,Seríamos grandes,Positivo,Nada,Negativo,Eran decorosos ,Positivo,Que la depresión me mate ,Negativo,Convivir con mucha gente ,Ambiguo,Creería que sería futbolista ,Negativo,No saben nada de la sociedad ,Negativo,Es un contrato ,Negativo ,Si no importara ,Negativo,No trabajo ,Neutro,No estamos juntos ,Ambiguo,Enamorarme ,Negativo,Hubiese sido diferente en mi infancia ,Negativo,El amor ,Positivo,El dinero ,Positivo,….,Neutro,Seré reconocido ,Positivo,No tengo jefe ,Neutro,Hablar ,Positivo,Nadie,Negativo,Cometería menos errores ,Positivo,Conocen un verdadero hombre ,Ambiguo,Poco tengo ,Ambiguo,No conozco ,Neutro,No,Neutro,No se ,Neutro,Robar a mi padre ,Positivo,El mejor papá del mundo ,Positivo,No se ,Neutro,No se ,Neutro,Ser generoso ,Positivo,Tendré poder ,Ambiguo,No se ,Neutro,Cometer errores ,Negativo,No se ,Neutro,Un pollito ,Positivo,No se ,Neutro,Poco ,Ambiguo,Jugaba mucho ,Positivo,…,Neutro,No estuvo conmigo ,Negativo,Robarle a Dios ,Neutro
33,Femenino.,Ignora,Positivo,Me rio,Ambiguo,Estudiar medicina,Negativo,Sería una gran lider,Positivo,Me asusta,Negativo,Las respeto,Positivo,Equivocarme,Negativo,Es lo mejor,Positivo,Jugaba mucho,Positivo,Puede ser,Neutro,Que bonitos ,Positivo,Es lo mejor,Positivo,Ayuda,Ambiguo,Es muy valiosa para mi,Positivo,Mi hijo tuvo un accidente ,Negativo,Estuviera vivo,Negativo,Aprender,Positivo,Mi vida espiritual fuera la mejor,Negativo,Seriamos un equipo de trabajo,Positivo,En Dios,Positivo,Son lo mejor,Positivo,La oscuridad,Positivo,Gritar,Positivo,Las cosas eran mejores,Negativo,Estan preocupados,Neutro,Es bonita,Positivo,Una princesa,Positivo,Son increíbles ,Positivo,Somos buenas amigas,Positivo,No estudiar,Negativo,Estuviera vivo,Ambiguo,Las chocolatinas,Neutro,Un carro,Positivo,Seria agradecida,Positivo,Quisiera tener mi casa ,Positivo,Me asusto q no me vea en mi area,Negativo,Preocuparme,Ambiguo,Me anima,Positivo,No me hubiera casado todavía,Ambiguo,Son inteligentes,Positivo,Es algo bonito pero que sea con respeto,Positivo,Tienen dificultades,Ambiguo,Es competitiva,Positivo,Aman sin esperar nada a cambio,Positivo,Haber dejado de estudiar,Negativo,Lo mejor,Positivo,Me rio,Positivo,Siento q me falta caracter,Negativo,Esperar al señor con mis hijos y mi familia,Positivo,Mi hijo sera un hombre,Ambiguo,Son respetables,Positivo,Desanimarme,Negativo,Me llaman,Positivo,Es mis amistades jugando,Positivo,Q son mentirosos,Negativo,Es respetable,Positivo,Fue muy lindo,Positivo,Le agrada,Positivo,Ya a su edad se vuelve terca,Ambiguo,Es decir una mentira,Negativo
35,Masculino.,Regaña,Ambiguo,Me deprimo,Negativo,Tener un carro,Positivo,Lo aria mejor ,Positivo,Excelente ,Positivo,Los tomo como ejemplo ,Positivo,Enfermar y llegar a viejo,Negativo,Esta en las buenas y malas ,Positivo,Lloraba ,Negativo,Es que sea como yo,Negativo,Pienso en que serán felices,Positivo,No son tan diferentes ,Ambiguo,Mis jefes y compañeros ,Positivo ,Me ama ,Positivo,Me enamoré ,Negativo ,No muriera ,Negativo,Hacer cualquier cosa ,Negativo,Supiera que viviría para siempre ,Negativo,Los trataría excelente ,Positivo,Que me vaya muy bien en mi vida ,Positivo,Me quieren ,Positivo,Enfermar ,Negativo,La gente arrogante ,Positivo,De morir pedir perdón y encomendarme  a Dios ,Neutro,Son repelentes ,Negativo,Es dura ,Negativo ,Quieren ,Positivo,Me la llevo bien ,Positivo,Nos amamos ,Positivo,Meterme en deudas ,Negativo,Estuviera conmigo ,Negativo,Mirar mujeres ,Ambiguo,Sería servir a otros ,Positivo,Son lo primero ,Ambiguo,Morire,Ambiguo,Me preparo para saludar ,Positivo,Morir ,Ambiguo,Los llevo en mi corazón ,Positivo,Haría cosas que no hice ,Ambiguo,Son mentirosas ,Negativo,Lo disfrutaría mucho,Positivo,Pelean mucho,Negativo,Es juiciosa ,Positivo,Son lindas ,Positivo,De las enfermedades de mis padres ,Negativo,Genial ,Positivo,Me deprimo,Negativo,Me siento mal ,Negativo,Vivir para siempre ,Ambiguo,Yo lograré estabilidad ,Positivo,Son calidad ,Positivo,Cambiar de pensamiento ,Positivo,Hablan de mi,Negativo ,Era soñar con una mujer todas las noches ,Ambiguo,Su infidelidad ,Negativo,Es activa ,Positivo,Me asustaban los truenos ,Negativo,Viven bien ,Positivo,Mi padre también ,Positivo,Meterme en deudas ,Negativo
24,Femenino.,Entiende,Negativo,me frustro,Negativo,Ser la mejor en lo que me dediqué,Positivo,daria lo mejor de mi ,Positivo,incierto,Ambiguo,me aconsejan ,Positivo,No cumplir mis metas ,Negativo,Es capaz de escucharte ,Positivo,anhelaba crecer ,Ambiguo,Que me impulse a ser mejor ,Positivo,Me alegro ,Positivo,Es la mejor que pude tener ,Positivo,Lo práctico,Positivo,Es una guerrera ,Positivo,Decepcioné a mi mamá,Negativo,Disfrutara mas de la vida,Positivo,Las manualidades,Positivo,No sobrepensara ,Positivo,Seria amable ,Positivo,Cumplir todos mis propositos ,Negativo,Eran geniales ,Positivo,la soledad,Positivo,herir a los demas ,Positivo,no era razonable ,Positivo,no piensan en un futuro ,Negativo,es un reto grande ,Ambiguo,la reina de la casa,Positivo,son empaticos,Positivo,somos como amigas ,Positivo,No expresar mis sentimientos,Negativo,cambie de mentalidad ,Ambiguo,Es la comprension ,Ambiguo,Formar un hogar ,Positivo,es agradable ,Positivo,sere la mejor psicologa,Positivo,No interfiere en mis actividades ,Positivo,Estar sola ,Positivo, Es porque me apoya,Positivo,Cambiaria muchas cosas,Ambiguo,deben trabajar en su armonia ,Negativo,Me cuido,Positivo,tienen su propia ecensia ,Neutro,no le gusta sobresalir,Ambiguo ,son maravillosas,Positivo,todo lo malo que sucedia,Ambiguo,un gran hombre,Positivo,respiro y busco otra salida,Positivo,suelo ser amable ,Positivo,ayudar a muchas personas,Positivo,habre cumplido todas mis metas,Positivo,las respeto,Positivo,sobrepensar,Negativo,Me cuentan despues lo sucedido,Positivo,un accidente en la moto ,Negativo,que sean tan complicados ,Ambiguo,es un privilegio ,Positivo,me gustaba mucho la bachata ,Positivo,es chistosa ,Positivo,chocamos aveces,Ambiguo,no expresar todo lo que pienso ,Negativo
46,Femenino.,Regaña,Ambiguo,Lloro,Ambiguo,Conocer lugares,Positivo,Sería la mejor,Positivo,Incierto ,Ambiguo,Las admiro,Positivo,Que me vean llorar,Negativo,Debe ser leal,Positivo,No tuve muñecas,Ambiguo,Lo es todo,Neutro,Creo en el amor ,Positivo,Es casi perfecta ,Ambiguo,Mi paciencia ,Negativo,Única ,Positivo,Mi hermana murió en mis brazos ,Negativo,Llorara,Negativo,Hablar,Positivo,Mis hijos son felices,Negativo,Los valoraria ,Positivo,Ser mejor mamá ,Positivo,Los mejores,Positivo,Las serpientes ,Negativo,El melon,Neutro,No tenía nada,Positivo,Normalizan todo ,Negativo,Debe ser para toda la vida,Ambiguo,Una mamá cariñosa,Positivo,Me las llevo bien ,Positivo,Hablamos todos los dias,Positivo,"Dejar de ser yo, por convertirme en una mamá al 100%",Negativo,Viniera a visitarme ,Positivo,Ver llorar a mis hijos,Positivo,Tener una finca grande,Positivo,Es muy leal,Positivo,Conoceré Santorine,Positivo,Me pongo seria,Negativo,Las alturas,Positivo,Mi familia ,Positivo,Estudiaria,Positivo,Quieren ser madres,Positivo,Me cuidaría para no tener más hijos ,Positivo,Son disfuncionales ,Negativo,Son responsables ,Positivo,Lloramos por nuestros hijos ,Positivo,No haber estudiado ,Negativo,El mejor de todos,Positivo,Me da tristeza ,Ambiguo,Espero las cumplan,Ambiguo,Ver a mis hijos felices,Positivo,Viajaremos a Europa ,Neutro,Los respeto ,Positivo,Alejarme,Negativo,Hablan de todos,Negativo ,Que vivi con mi abuela,Ambiguo,Su egocentrismo,Negativo,Es buena,Positivo,Aprendí a cocinar,Positivo,Me respeta,Ambiguo,No le gusta que fume,Positivo,Negarme cosas a mi misma,Negativo
21,Masculino.,Abraza ,Negativo,Lloro ,Ambiguo,Viajar ,Positivo,Sería el mejor ,Positivo,Tenebroso ,Negativo,Me dan igual ,Neutro,Morir ,Positivo,Está siempre ,Negativo,Quería todo ,Ambiguo,Amoroso ,Positivo,Me da ternura ,Positivo,Es la mejor,Positivo,Nadie ,Negativo,Es cansona ,Negativo,Estuve solo ,Negativo,Demostrará más su afecto ,Negativo,El diseño ,Positivo,Me mantuviera viajando ,Positivo,Viviría viajando ,Ambiguo ,Viajar mucho ,Positivo,Eran un fastidio ,Negativo,Perderme en el metro ,Negativo,Las mentiras ,Neutro ,Después ,Neutro,Están muy equivocados ,Negativo,Es buena mientras las dos partes la quieran ,Ambiguo,Cualquier otra persona,Negativo,A veces me caen mal ,Negativo,Tenemos el mismo genio ,Ambiguo,Creer ,Ambiguo,Me regalará viajes ,Positivo,Un viaje ,Positivo,Ser millonario ,Positivo,Me haría la vida más fácil ,Neutro,Me mantendré viajando ,Positivo,Me pongo a trabajar ,Positivo,Que no me funcionen mis planes ,Ambiguo,Es la más loca ,Ambiguo,Viajaría más ,Positivo,Deben de aprender de lealtad ,Negativo,Sería lo mejor ,Ambiguo,Son normales ,Positivo,No me molesta ,Ambiguo ,Son muy sensibles ,Ambiguo,Comer tanto ,Negativo,Trabajador ,Positivo,Lloro ,Ambiguo,Me siento feliz ,Positivo,Viajar ,Positivo,Me iré a viajar ,Neutro,Son normales ,Neutro,Auto sabotearme ,Negativo,No están conmigo ,Negativo ,No recuerdo ,Neutro,Lo mentirosos ,Negativo,Es buena ,Positivo,Lo tenía todo ,Positivo,Se ríe mucho ,Positivo,Es muy cansona ,Negativo,Es escaparme ,Negativo
19,Femenino.,Abraza,Negativo,Rio ,Ambiguo,Felicidad,Negativo,Estrés ,Negativo,Tedioso ,Negativo,Respetable,Positivo,No ser feliz ,Negativo,Ama,Positivo,Borroso ,Neutro,Incondicional ,Positivo,Tranquilidad,Positivo,Rota ,Negativo,Todos ,Positivo ,Incomprensible ,Negativo,Me quise ir ,Ambiguo ,Escuchará ,Negativo,Arte ,Positivo,Fuera diferente ,Positivo,Tendría amabilidad ,Positivo,Paz ,Positivo,Increíbles ,Positivo,Rendirme ,Ambiguo,Ser infeliz ,Positivo,Incertidumbre ,Neutro,Son únicos ,Positivo,Fuerte ,Neutro,Nada ,Neutro,Inteligentes ,Positivo,Confuso ,Neutro,Permitir ,Ambiguo,Fuera honesto ,Negativo,Mi corazón ,Positivo,Ser feliz ,Positivo,Agradecida ,Positivo,Tendré paz ,Ambiguo,Respeto,Ambiguo,Ser libre ,Negativo,Mis amigos ,Positivo,Sería más comprensible ,Positivo,Son únicos ,Positivo,Me relajaría ,Positivo,Armonia ,Neutro,Me hace reír ,Positivo,Son bonitas ,Positivo,No ser perfecta ,Negativo,Confuso ,Ambiguo,Me frustro ,Negativo,Soy amable ,Positivo,Mi paz ,Ambiguo,Expresión ,Neutro,Temor ,Negativo,Ser infeliz ,Negativo,Me recuerdan ,Positivo,Borroso ,Neutro,Incomprensiblea ,Ambiguo,Activa ,Positivo,Me divertía ,Positivo,Les agrado ,Positivo,No la comprendo ,Negativo,Herir ,Negativo
51,Masculino.,Habla,Negativo,Me enojo,Negativo,Poder viajar ,Positivo,De la empresa ,Neutro,Incierto por qué nunca sabemos que nos espera,Ambiguo,Son crecidas ,Negativo,Enfermarme ,Positivo,Es incondicional ,Positivo,Me gustaba jugar,Positivo,Humilde ,Positivo,Ideal,Neutro,Es mejor la mía ,Positivo,Conmigo mismo,Negativo,Mi ángel ,Positivo,Dejé ir una oportunidad ,Ambiguo ,Estuviera ,Negativo,Crear empresa ,Positivo,Si tuviera un buen sueldo ,Positivo,Buenos honorarios,Positivo,Que mis hijos cumplan sus metas,Positivo,Estrictos ,Ambiguo,Conducir autos ,Negativo,La gente bolatosa,Ambiguo,Era mejor que hoy ,Negativo,Hoy no les gusta trabajar ,Negativo,Es monótona ,Negativo ,Un rey,Positivo,Son hipócritas ,Negativo,Dialogabamos ,Positivo,No estudiar,Negativo,Viviera,Ambiguo,Mi caracter ,Positivo,Viajar,Positivo,Es remunerada ,Positivo,Estaré relajado sin pensar en tanto trabajo,Positivo,Me levanto a trabajar ,Positivo,Arriesgarme a invertir ,Ambiguo,Es la gente humilde,Positivo,Me arriesgaría más ,Positivo,Son vanidosas ,Negativo,Más seguido ,Ambiguo,Son catolicas,Neutro,Se le ven las ganas de salir adelante ,Positivo,Son sobreprotectoras,Negativo,De no trabajar ,Ambiguo,Un ángel ,Positivo,Me da ira,Ambiguo,Es porque tengo razon,Positivo,Mis hijos triunfen ,Positivo,Podré viajar ,Neutro,Grandes en sus esfuerzos ,Positivo,Trabajar más duro,Positivo,Extrañan ,Positivo,Las fiestas,Positivo,Que sean vulgares ,Negativo,Es buena,Positivo,Me gustaba jugar fútbol ,Positivo,Es gritona,Negativo,No está,Negativo,No tener mi propio negocio ,Negativo
53,Femenino.,Me regañó,Ambiguo,me molesto,Negativo,ser mamá ,Negativo,quisiera que fueran más sinceros,Negativo,incierto,Ambiguo,no siempre son por ser mejores que yo,Negativo,entrar al mar ,Positivo,es fiel y confidente ,Positivo,me consintieron mucho,Positivo,temer y amar a Dios,Positivo,espero se valoren y respeten,Positivo,es mi red de apoyo,Positivo,personas ágiles ,Positivo,una guerrera,Positivo,no tuve control de una situación ,Negativo,viviera ,Negativo,socializar y liderar,Positivo,Las personas fueran más fieles ,Negativo,tendría empatia,Positivo,ser recordada para bien,Positivo,grandes maestros en mi vida,Positivo,el mar,Negativo,que me mientan,Negativo,quería tener el control,Positivo,son muy inteligentes ,Positivo,es maravillosa ,Positivo,una líder a seguir,Positivo,les agrada mi compañia,Positivo,hablamos de todo,Positivo,confiar en idolatrar,Neutro,Hubiera estado más años conmigo,Negativo,mi hijo,Positivo,Perfeccionarme en el plano espiritual ,Positivo,desearía que fueran feliz,Positivo,disfrutaré de vivir en Ibagué ,Positivo,le doy una sonrisa,Positivo,confiar ,Positivo,"los realistas, sinceros y Positivos",Positivo,Viajaría y conocería más lugares,Positivo,se amargan sin necesidad ,Negativo,con quién amo,Ambiguo,no se conocen ni dialogan,Ambiguo,Quiere progresar ,Positivo,Aman más a sus hijos q a ellas mismas,Ambiguo,No estudiar,Negativo,Un hombre único ,Positivo,Me molesto,Ambiguo,Deseo me obedezcan,Positivo,Una vejez con calidad de vida,Positivo,Vivir en Ibagué ,Positivo,Los admiro por su amor y labor a Dios,Positivo,Angustiarme,Negativo,Espero me extrañen,Positivo,El amor de mi padre,Positivo,La infidelidad,Negativo,Con el hombre que amo,Positivo,Disfrutar de la compañía de mi papá ,Positivo,me hace sentir bien ,Positivo,no es empática ,Negativo,no valorarme mas,Negativo
19,Femenino.,Deja sola,Positivo,Me estreso rápido ,Negativo,Poder volar ,Neutro,Trataría de dirigir en base al respeto y la autoridad,Positivo,Incierto,Ambiguo,Las trato con respeto ,Positivo,La oscuridad ,Ambiguo,Es leal sin importar la situación ,Positivo,Quería ser veterinaria,Positivo,"Alguien leal, respetuoso, detallista y atento",Positivo,Me alegro por ellos,Positivo,Es muy estable y amorosa,Positivo,Mis amigos ,Positivo ,Es la mujer más trabajadora y líder qué existe ,Positivo,Falleció mi abuelito ,Negativo,No se estresara tanto ,Positivo,"El arte, el diseño y el baile",Positivo,No tuviera que madrugar ,Positivo,Sería un equipo muy bueno y eficaz ,Positivo,Tener mi propia empresa,Positivo,Tenían un muy buen concepto de mi,Positivo,Morir,Negativo,Que me mientan,Negativo ,Me enojaba muy rápido y tenía poca paciencia ,Positivo,No saben tener algo estable,Ambiguo,Es aburrida,Negativo ,Una niña grande,Negativo,Son responsables ,Positivo,Tenemos una muy buena relación ,Positivo,Confiar demasiado ,Negativo,Fuese inmortal ,Positivo,Mi sensibilidad ,Positivo,Conocer todo el mundo,Positivo,Los que trabajan conmigo se sienten seguros ,Positivo,Conoceré japón ,Positivo,Me dan nervios,Negativo,Hablar en público ,Positivo,Es sincera y leal,Positivo,Soy joven aún ,Neutro,Tienen muchos inseguridades ,Negativo,Sería muy responsable y me protegería ,Positivo,Tienen problemas afectivos ,Ambiguo,Sabe lo que hace,Positivo,Son muy cariñosas ,Positivo,Desperdiciar la comida ,Positivo,El Mejor de todos,Positivo,Me desánimo bastante ,Negativo,Habló con tranquilidad pero firme,Positivo,Ser alguien importante ,Ambiguo,Tendré mi título profesional ,Positivo,Quien tenga mayor conocimiento,Positivo,No hacer las cosas,Negativo,Tratan de saber de mi,Positivo,Ir a divercity con mis amigos,Positivo,Que no sepan querer bien,Ambiguo,No es activa,Negativo,Era más sociable ,Positivo,Ya lo respondí ,Neutro,A veces se enoja por todo ,Ambiguo,Mentirle a mis padres ,Negativo
19,Femenino.,Abraza ,Negativo,Me tomo un descanso ,Positivo,Viajar ,Positivo,Nose ,Neutro,Misterioso,Ambiguo,Tienen experiencia ,Positivo,Fallar ,Negativo,Es leal ,Positivo,Me. Gustaba correr ,Positivo,Es mi novio ,Positivo,Nada ,Neutro,Es maravillosa,Positivo,Personas cercanas ,Positivo ,Es fuerte ,Positivo,Me caí ,Ambiguo ,Corriera ,Negativo,El arte ,Positivo,Viajará ,Positivo,Sería un trabajo en equipo ,Positivo,Comer ,Positivo,Eran muy buenos ,Positivo,Fallar ,Positivo,La guanabana ,Neutro ,Después ,Neutro,Existen,Neutro,Es dura ,Negativo ,No se ,Neutro,Son buenos ,Positivo,Nos llevamos bien ,Positivo,Dudar ,Negativo,Llegara ,Negativo,Mi familia ,Positivo,Triunfar ,Positivo,Buena ,Neutro,Viajaré ,Positivo,Saludo ,Positivo,Las agujas ,Positivo,Mis amigos ,Positivo,Soy joven ,Neutro,Son poderosas ,Positivo,No respondo ,Neutro,Son ,Neutro,Es extrovertida ,Positivo,Son fuertes ,Positivo,Nada ,Neutro,Protector ,Ambiguo,Pues nada ,Neutro,Soy amable ,Positivo,Apoyar a mi familia ,Positivo,Tendré un gran trabajo ,Positivo,Es buena ,Positivo,Esconderme ,Negativo,No se ,Neutro,Fue comer las galletas rojas que me daba mi abuelo ,Positivo,El irrespeto ,Negativo,No respondo ,Negativo,Jugaba mucho ,Positivo,Es alegre ,Positivo,Es volátil ,Negativo,Dudar ,Negativo
55,Masculino.,Consiente y escucha,Negativo,Todo sale mal. ,Negativo,Ser profesional ,Negativo,Trataria de ser mejor ser humano ,Positivo,Incierto,Ambiguo,No son amables,Negativo,Dar mis puntos de vista,Negativo,Siempre esta presente ,Negativo,Fui feliz,Positivo,"Es ser servicial, amigo, sincero y incondicional ",Positivo,Me da alegría ,Positivo,Es mejor es muchos aspectos ,Positivo,Hombres,Ambiguo,"Es muy dura, insensible y poco amorosa",Negativo,Fui infiel,Negativo,Hubiera sido mas comprensivo y amoroso,Negativo,Trabajo manual ,Positivo,Tuviera una mejor estabilidad económica y emocional ,Positivo,Seria muy amable y compresivo,Positivo,Siempre dar lo mejor de mi,Negativo,Eran muy amables y profesionales ,Positivo,El fracaso,Positivo,El maltrato físico y emocional ,Positivo ,Era mas sociable,Negativo,Son muy desagradecidos ,Negativo,Es dura pero gratificante al final,Positivo,Un ser insensible y poco amigable ,Negativo,Me respetan,Positivo,No tenemos buena relación ,Negativo,No haber terminado mis estudios ,Negativo,Hubiera sido mas edificable y amoroso,Negativo,La mentira,Negativo,Es tener dinero y poder tener y hacer todo lo que sueño,Positivo,Los trato con respeto,Positivo,Quiero que me recuerden como una buena persona ,Positivo,Me alegra poder saludarlo y compartir ,Positivo,Poder decir lo que quiero y pienso en realidad ,Positivo,Mi Esposa e Hijo,Positivo,Compartiría más con mis hermanos y aprovechar mejor el tiempo y las oportunidades ,Positivo,Son agradables ,Positivo,Las disfrutaria,Positivo,Aparentan ser felices y unidas,Negativo,Trabajan en equipo y aportan para el crecimiento general ,Positivo,"Son cariñosas, orientan y escuchan ",Positivo,La escases de mi hogar,Negativo,Incoherente a lo que queria enseñarnos,Ambiguo,Es por mis malas decisiones ,Ambiguo,Trato de ser objetivo y coherente a lo pedido,Positivo,Ver mi hogar feliz y mi hijo profesional y uma bella familia ,Positivo,Quiero tener los recursos para poder compartir y disfrutar con mi familia ,Positivo,Los respeto y admiro ,Positivo,No hacer lo que pienso y siento,Negativo,Se divierten sin mi compañía ,Negativo ,El amor de mis abuelos y estar con toda la familia ,Positivo,Que no son logicos e incoherentes a sus acciones ,Negativo,Es activa y placentera ,Positivo,Era muy feliz y no me preocupaba el futuro,Positivo,Es amable y solidaria ,Positivo,Sus rencores y odios me entristecen,Negativo,Es hacerle daño a mi Esposa e Hijo ,Negativo
55,Femenino.,Recuerda,Negativo,Sufro,Negativo,Viajar por el mundo,Positivo,La presidencia,Neutro,Incierto ,Ambiguo,A veces son injustas ,Negativo,No cumplir mis anhelos ,Negativo,Siempre está ahí para ayudarnos y apoyarnos,Negativo,Hacía pasteles de tierra ,Positivo,Íntegra en todo el sentido de la palabra ,Positivo,Me gusta que se respeten,Positivo,Es bonita,Positivo,Las personas honestas y responsables,Positivo ,Es una mujer muy fuerte ,Positivo, que supe que mi papá se había enfermado se gravedad ,Negativo,No hubiera enfermado tan joven,Negativo,Cocinar y hacer postres,Positivo,Pudiera cumplir todos los anhelos de mi corazón ,Positivo,Sería muy buena jefe ,Ambiguo,Vivir siempre en paz y sirviendo a Dios,Positivo,Nunca me trataron de forma especial ,Negativo,No poder ver realizados a mis hijos,Positivo,Las personas que no respetan a los demás ,Positivo,Era muy incauta,Positivo,"Viven vidas muy vacías, sin objetivos claros",Negativo,"Es para vivirla en paz, respeto, amor y compañerismo",Positivo,Una mujer con un gran corazón y muy emotiva ,Positivo,No siempre me repetan,Negativo,Nos hemos apoyado mutuamente ,Positivo,Creer en que me querían y me respetaban,Negativo,No hubiera enfermado y fallecido tan joven,Positivo,El ser tan emotiva ,Positivo,Es servirle a Dios,Positivo,Saben que cuentan conmigo ,Positivo,Viajaré por muchas partes del mundo y le serviré a Dios ,Positivo,Me da jartera,Negativo,Emprender ,Positivo,Es gente honesta y de buen corazón ,Positivo,No hubiera tenido hijos tan joven ,Ambiguo,"Son deshonestos, hipócritas y sin valores",Negativo,Solamente con mi pareja ,Positivo,Tienen problemas entre ellos ,Ambiguo,"Es honesta, responsable, y valoren su trabajo ",Positivo,Son muy buenas con sus hijos ,Positivo,Haber tenido un hijo tan joven y no haber terminado mis estudios ,Negativo,Un gran padre y un gran ser humano ,Positivo,No puedo pensar con claridad ,Negativo,Soy seria,Positivo,"Servirle a Dios, ver a mis hijos realizados, tener una vida prospera con muy buena salud y vivir en paz con toda mi familia ",Positivo,Quiero servirle a Dios y poder viajar y conocer muchos países ,Positivo,Los respeto,Positivo,No realizar nuevos proyectos ,Negativo,Siguen normal,Ambiguo,Los Diciembres compartiendo en famila y abriendo muchos regalos ,Positivo,Es la hipocresía ,Neutro,Es satisfactoria,Positivo,Me gustaba mucho atender las visitas y pasear en familia ,Positivo,Se siente bien conmigo ,Positivo,Me gustaría que buscara más de Dios ,Positivo,"Creer en personas que no me valoraron, no me quisieron y me traicionaron ",Positivo
49,Masculino.,Habla,Negativo,Me pongo triste ,Negativo,Ser profesional,Negativo,Las cosas saldrían bien,Positivo,Prometedor ,Positivo,Tienen mi respeto ,Positivo,Preguntar ,Negativo,Es un tesoro ,Positivo,Soñaba mucho,Positivo,Que Ame a Dios primero ,Positivo,Es lo normal,Ambiguo ,Es una bendición ,Positivo,Los compañeros ,Positivo ,Me ama,Positivo,Me desilusionaron,Negativo,Estuviera vivo,Negativo,Ser servicial,Positivo,Tuviera más dinero ,Positivo,Los respetaría ,Positivo,Ser mejor para Dios,Negativo,Me enseñaron ,Positivo,La burla,Negativo,La hipocresía ,Neutro ,Era ambicioso,Positivo,Son Buenas personas ,Positivo,Es un regalo de Dios ,Positivo,Lo mejor ,Positivo,Son vulnerables ,Negativo,Nos amamos,Positivo,Callarme las cosas ,Negativo,Estuviera vivo,Ambiguo,La comida,Neutro,Ser multimillonario ,Positivo,No soy ,Neutro,Viajaré a otro pais,Positivo,Me estreso,Negativo,Decir las cosas ,Positivo,Son los de sincero corazón ,Positivo,No cometería tantos errores ,Positivo,Son hermosas ,Positivo,Es por qué estoy casado ,Ambiguo,No se aman ,Negativo,Es sincera ,Positivo,Aman a sus hijos ,Positivo,Nada,Neutro,Un buen hombre ,Positivo,Lucho más ,Positivo,No me obedecen ,Negativo,Agradar a Dios ,Positivo,Viajaré ,Neutro,Tienen mi respeto ,Positivo,Callar,Negativo,Soy feliz,Neutro,Los juegos ,Positivo,La mentira ,Neutro,Es maravillosa ,Positivo,Era muy feliz,Positivo,Es necia,Negativo,Está lejos,Ambiguo,Callar ,Negativo
63,Masculino.,Escucha,Negativo,Me da tristeza ,Negativo,Ser rico,Negativo,Lo haria,Positivo,Incierto,Ambiguo,Les va bien ,Positivo,Intentarlo,Negativo,Estan con uno,Positivo,Jugaba,Positivo,Amable,Positivo,Me dan celos,Negativo,Espectacular ,Positivo,Los hombres ,Ambiguo,Todo,Neutro,Fui pelión,Positivo,Hubiera estado,Negativo,Hablar,Positivo,Tuviera amigos,Positivo,Tendríamos comunicación ,Positivo,Seguir siendo feliz,Positivo,Me cuidaban,Positivo,Las ratas,Positivo,La gente envidiosa ,Positivo ,Tengo vida,Neutro,Son independientes ,Positivo,Es bonita,Positivo,Un rey,Positivo,Son vulgares ,Negativo,Hermanos locos,Neutro,Ser nervioso ,Ambiguo,Fuera estudioso,Ambiguo,El teatro,Positivo,Tener más amigos,Positivo,Grocera,Negativo,Tendré plata,Positivo,Me aburre,Negativo,Las ratas,Positivo,Es la gente directa,Ambiguo,Sería más loco,Negativo,Son amables ,Positivo,Sería más divertido ,Ambiguo,Son numerosas,Neutro,Es feliz,Positivo,Son protectoras,Positivo,Ser miedoso,Ambiguo,Respetuosa,Positivo,Es terrible,Ambiguo,Soy imprudente,Negativo,Tener más vida,Ambiguo,Me voy a descansar,Ambiguo,Son abusivos,Negativo,Seguir luchando,Positivo,Me buscan,Positivo,Estar con mi madre,Positivo,Es ser imprudentes,Negativo,Es buena,Positivo,Jugaba futbol,Positivo,Son grosera,Negativo,Me reprendía mucho,Negativo,Es ser conteston,Negativo
48,Femenino.,Entiende ,Negativo,Me siento triste ,Negativo,Viajar,Positivo,Organizaría ,Positivo,Positivo ,Positivo,Las respeto,Positivo,Enfermedad ,Positivo,Es fiel,Positivo,Era feliz,Positivo,Mi esposo ,Positivo,Siento ternura ,Positivo,Es perfecta ,Negativo,Todos,Positivo ,Mi ejemplo,Positivo,Mamá falleció ,Negativo,Hubiera sido fiel,Negativo,Enseñar,Positivo,Los soy,Positivo,Sería justa,Positivo,Servir a Dios,Positivo,Eran buenos ,Positivo,No ser entendida,Positivo,El pescado,Neutro ,Era malgeniada,Positivo,Son despreocupados,Ambiguo,Debe ser de acuerdos ,Positivo,Su guía ,Ambiguo,Me respetan,Positivo,Nos amábamos mucho,Positivo,Terminar con mi esposo,Ambiguo,Me amara,Negativo,La comida ,Neutro,Bajar de peso,Positivo,Sería feliz,Positivo,Seré abuela,Positivo,Me alegro,Positivo,Nadar,Positivo,Esta cerca,Positivo,Cuidaría mi salud ,Positivo,Son infieles ,Negativo,Sería con mi esposo ,Positivo,Son unidas,Positivo,Es seria,Positivo,Son amorosas,Positivo,Perder tiempo ,Ambiguo,Trabajador,Positivo,Oro a Dios,Ambiguo,Explico,Positivo,Seguir a Dios,Positivo,Viajaré ,Neutro,Merece mi respeto ,Positivo,Ser optimista ,Positivo,Estoy con mi esposo,Neutro,Los deportes ,Neutro,Sean groseros ,Negativo,Es perfecta ,Positivo,Jugaba mucho ,Positivo,Me valora,Positivo,Ya murió ,Neutro,Me lo reservo ,Neutro
55,Femenino.,Regaña,Ambiguo,Me pongo triste,Negativo,Ser azafata escucho,Negativo,Escucho a los demás ,Positivo,Incierto,Ambiguo,No me afectan,Positivo,Hacerme un implante dental ,Positivo,Es fiel y sincero,Positivo,Me maltrataron física y emocionalmente ,Negativo,Es un proceso que se va construyendo,Neutro,Me parece normal,Ambiguo,Me siento muy feliz con la familia que Dios me ha bendecido,Positivo,Trato de llevarme bien con todos ,Positivo,Es un ser maravilloso ,Positivo,Me dieron escopolamina ,Negativo,Hubiera vivido unos años más ,Negativo,Poder ayudar a las personas ,Positivo,Pudiera  alcanzar  mis sueños ,Positivo,Sería humilde y sencilla  ,Positivo,Hacer las cosas bien ,Positivo,Fueron especiales,Positivo,Estar sola,Positivo,La hipocresía ,Neutro ,Vivía muy triste,Positivo,Son muy inmaduras,Negativo,Es un trabajo en equipo que se construye día a día ,Positivo,Lo que soy,Ambiguo,Son buena gente,Positivo,Llevamos una relación  bonita ,Positivo,Confiar en las personas ,Negativo,Estuviera vivo,Ambiguo,Mi timidez,Ambiguo,No equivocarme en lo que me propongo hacer,Positivo,Es común y corriente,Ambiguo,Me gustaría llegar hacer profesional,Positivo,Siento curiosidad  de cómo está de ánimo hoy ,Positivo,Dormir sola ,Negativo,La que es sincera ,Positivo,No quisiera vivir lo que me pasó en mi niñez ,Negativo,Son autónomas e independientes,Positivo,Sería con mi esposo ,Positivo,Son personas mormales,Neutro,Es humilde y sencilla,Positivo,Son sobreprotectoras,Negativo,No poder hacer las cosas por mi misma ,Negativo,Unico,Positivo,Pienso que estoy haciendo mal,Negativo,Lo hago  con cautela y sin ofender a los demás ,Positivo,Hacer lo bueno ,Positivo,Estaré estudiando ,Positivo,Son personas agradables,Positivo,Dudar de mis capacidades,Negativo,Hacen sus cosas normalmente ,Ambiguo,Jugando con mis primas ,Positivo,La falta de sinceridad,Negativo,Es maravillosa ,Positivo,Pase necesidades,Negativo,Hacen las cosas bien ,Positivo,Es un poco malgeniada,Ambiguo,Llorar ,Negativo
18,Femenino.,Regaña.,Ambiguo,Me río de mi misma.,Ambiguo,Una heladería kreisel supra.,Positivo,El mundo sería mejor.,Positivo,Lejano.,Neutro,Me encantan.,Positivo,No ser suficiente.,Negativo,No cambia a pesar de la distancia.,Positivo,Era feliz.,Positivo,Es aquel que corresponda mis sentimientos.,Ambiguo,Me da envidia.,Negativo,Está bien.,Positivo,Mis amigos.,Positivo ,Es la mejor.,Positivo,Me caí frente a todos.,Negativo,Me recogiera más veces en carro.,Negativo,Controlar a los demás.,Negativo,Si fuera más inteligente.,Positivo,Probablemente sean felices.,Positivo,Adquirir más conocimientos.,Positivo,Pensaban que era la estudiante ideal.,Ambiguo,Que me dejen de lado.,Positivo,Los animales.,Ambiguo,No tenía autoestima.,Positivo,Están perdiendo el camino.,Ambiguo,Es un reto.,Ambiguo,Una consentida.,Ambiguo,No son los mejores.,Negativo,Somos como mejores amigas.,Positivo,Confiar en personas que consideraba como mis amigos.,Negativo,Hablara más conmigo.,Negativo,La rinitis.,Negativo,Es ser millonaria.,Positivo,Coopera.,Positivo,Seré reconocida.,Positivo,Sigo haciendo mi trabajo.,Positivo,Arriesgarme.,Positivo,Son igual de raros a mí.,Ambiguo,Trabajaría más en mi cuerpo.,Positivo,Son mentirosos.,Negativo,Utilizaría los métodos anticonceptivos.,Positivo,Son raras.,Neutro,Trabaja.,Positivo,No son de mi agrado.,Negativo,Ser yo misma.,Negativo,El mejor.,Positivo,Es todos los días.,Negativo,Verifico que se ejecuten.,Positivo,Dinero.,Positivo,Voy a obtener mi título.,Positivo,Me agradan.,Positivo,Perder oportunidades.,Negativo,Me extrañan.,Positivo,Es ir a comer lasaña con mi familia.,Positivo,Es su indecisión.,Negativo,No ha empezado.,Negativo,,Neutro,N/R,N/R,,Neutro,,Neutro
52,Masculino.,Abraza,Negativo,Maldigo mi suerte ,Negativo,Hablar un idioma diferente al español,Positivo,Las cosas serian diferentes ,Ambiguo,Complicado,Negativo,Se han preparado para estar ahi,Positivo,La vejez,Negativo,Siempre estara a mi lado,Negativo,Nunca pense en el lugar que ocupo hoy,Ambiguo,Fiel,Positivo,Se respetan,Positivo,Es perfecta,Negativo,Hombres,Ambiguo,Fue especial ,Ambiguo,Compré mi primer carro,Ambiguo ,Me hubiese apoyado ,Negativo,Enseñar ,Positivo,No tuviese una enfermedad cronica,Negativo,Tendrian todo mi apoyo,Positivo,Tener una buena vejez,Positivo,Fueron tolerantes ,Positivo,Las alturas,Negativo,La mentira,Neutro ,Pienso en lo que voy a hacer,Positivo,Son desatentos,Negativo,Es de respeto,Positivo,Un rey ,Positivo,Creen en mis habilidades ,Positivo,Tuvimos poca comunicación ,Negativo,N/R,N/R,Hubiese sido diferente en mi infancia ,Negativo,El trago,Negativo,Hablar un idioma diferente al español ,Positivo,Es responsable ,Positivo,Sere pensionado,Ambiguo,Lo saludo,Positivo,Hablar en público ,Positivo,Es la trabajadora y responsable ,Positivo,No cambiaria lo que hice hasta hoy,Ambiguo,Se han superado,Positivo,"Seria con mi unica pareja, mi esposa",Positivo,Tienen muchos problemas de comunicación ,Negativo,Comparten mis metas,Positivo,Son responsables ,Positivo,Tener la familia en la que nací,Negativo,Una persona que paso por mi vida sin darme apoyo,Negativo,La asumire con responsabilidad ,Positivo,Espero no repetir ,Negativo,Llegar a viejo,Positivo,Estare pensionado,Positivo,Merecen mi respecto y gratitud,Positivo,Estudiar mas y mas,Ambiguo,Estarán haciendo su día a día,Ambiguo,Poder hablar ya que tuve problemas de lenguaje,Positivo,Que sean buena vida sin responsabilidad ,Negativo,Es perfecta ,Positivo,Jugaba todos los dias,Positivo,Me dicen mentiras ,Negativo,Ya no esta conmigo,Ambiguo,No aprender otro idioma ,Negativo
35,Masculino.,Me ignoran ,Positivo,No pasa nada ,Neutro,Tener dinero ,Negativo,Sería amable ,Positivo,Incierto ,Ambiguo,Me respetan ,Positivo,A la agujas ,Positivo,Es honesto ,Positivo,Era lindo ,Positivo,Es ojos azul ,Positivo,Son novios ,Positivo,La mejor ,Neutro,Desarrollándolas ,Negativo,Es la mejor ,Positivo,Me caí de una moto ,Negativo,Fuera más juicioso ,Negativo,Liderar ,Positivo,Viviera en un pueblo ,Positivo,La respeto ,Positivo,Lo mejor,Ambiguo,Me apreciaban ,Positivo,A las agujas ,Negativo,La papaya,Neutro ,Después ,Neutro,Son tontos ,Negativo,Es innecesaria ,Negativo ,Lo mejor ,Positivo,Son los mejores ,Positivo,Nos amamos ,Positivo,Dejarme llevar por mis emociones ,Negativo,No trabajara,Positivo,Mal pensado ,Negativo,El dinero ,Positivo,La respeto ,Positivo,Seré el mejor ,Positivo,No pasa nada ,Positivo,A las alturas ,Positivo,Es la alegre ,Positivo,No desperdiciaría el tiempo ,Positivo,Son consentidas ,Positivo,Me cuido ,Positivo,Son dobles ,Negativo,Es inteligente ,Positivo,Son amorosas ,Positivo,Ser grosero ,Positivo,El mejor ,Positivo,No pasa nada ,Neutro,Soy tranquilo ,Positivo,Ser independiente ,Positivo,Seres prospero ,Positivo,Los respeto ,Positivo,A nada ,Neutro,No pasa nada ,Neutro,Cuando jugaba en la calle ,Positivo,—-,Neutro,Satisfactoria ,Positivo,Me consentían ,Positivo,Me respeta ,Ambiguo,Tiene malos comentarios ,Negativo,Nada,Neutro
57,Femenino.,Entendió ,Negativo,De malas,Neutro,Estudiar más ,Negativo,Personas ,Neutro,Incierto ,Ambiguo,Son imponentes ,Negativo,La soledad ,Negativo,Está en las buenas y malas ,Positivo,Disfruté de mi infancia ,Positivo,Era normal ,Positivo,Pareja ,Positivo,Es perfecta ,Negativo,Los hombres ,Ambiguo,Lo más importante en mi vida ,Negativo,Difícil ,Neutro,Hubiera vivido más tiempo ,Negativo,Trabajar en equipo ,Positivo,Tuviera más recursos económicos ,Positivo,Respesto,Positivo,Tranquilidad ,Positivo,Muy buenos ,Positivo,La soledad ,Positivo,La injusticia ,Positivo ,La juventud ,Neutro,Son perezosos,Negativo,Es responsabilidad ,Positivo,Una persona importante ,Positivo,Con respeto ,Positivo,Muy unidas,Positivo,No estudiar ,Negativo,Hubiera vivido más ,Positivo,El amor ,Positivo,Ser correcta ,Positivo,Respeto ,Neutro,Quisiera viajar ,Positivo,Respeto ,Ambiguo,Ser más arriesgada ,Positivo,La honesta ,Positivo,Disfrutar más ,Positivo,Son más liberadas ,Positivo,Con mucho amor ,Positivo,Son felices ,Positivo,Justa y responsable ,Positivo,Son imponentes ,Negativo,Ser perezosa,Positivo,Maravilloso ,Positivo,Mal genio ,Ambiguo,Soy justa,Positivo,Viajar ,Positivo,Tranquilidad ,Neutro,Dios ,Ambiguo,No actuar,Negativo,No hay lio,Neutro,Jugar con mi papá ,Positivo,La mentira ,Neutro,Normal ,Neutro,Disfruté la infancia ,Positivo,Muy agradable ,Positivo,La amo ,Positivo,Resentida ,Neutro
61,Masculino.,Abrazaba,Negativo,Cuanto no duermo bien,Neutro,Una camioneta vieja,Positivo,Le daria la oportunidad a mucha gente,Positivo,Maravilloso,Positivo,Se lo merecen ,Positivo,Una enfermedad letal,Positivo,Siempre esta ahi,Negativo,Fui muy feliz,Positivo,"Una persona sencilla, humilde",Positivo,Normal ,Neutro,Es muy unida,Positivo,Los mas pilos,Positivo ,"La admiro, quiero y respeto",Positivo,Salimos de la finca,Negativo,Hubiera escuchado a mi madre,Negativo,Hacer amigos,Positivo,Tengo la familia comoleta y salud,Neutro,Seria un jefe justo,Positivo,Ser feliz el resto de vida,Negativo,Fueron geniales,Positivo,Perder el empleo,Positivo,Las mentiras,Neutro ,La verdad,Neutro,Estan deshubicados,Negativo,Es bonita,Positivo,Un principe,Positivo,Son los mejores,Positivo,Nos amamos,Positivo,No terminar una carrera profesional,Negativo,Estuviera vivo,Ambiguo,Los sistemas,Neutro,Tener muchas ganas de vivir  feliz,Positivo,Es honesta ,Positivo,Podre viajar al viejo continente,Positivo,Me da alegria,Positivo,Enfermarme grave,Ambiguo,Mi familia ,Positivo,Estudiaria,Positivo,Son buena gente,Positivo,Seria solo con mi esposa,Positivo,Son trabajadoras,Positivo,Tiene buena actitud,Positivo,Son trabajadoras y honestas,Positivo,Nada,Neutro,Vivio muy poco tiempo,Ambiguo,Siempre ha estado de mi lado,Positivo,Son muy objetivo,Positivo,Ser feliz,Ambiguo,Sere un pensionado,Positivo,Son un ejemplo,Positivo,Recalcular,Ambiguo,Son tranquilos,Ambiguo,La finca donde me crie,Positivo,La mentira,Neutro,Es tranquila,Positivo,Fui muy feliz,Positivo,Es muy entusiasta,Positivo,Es de mal genio,Negativo,No estudiar una carrera profesional ,Negativo
19,Masculino.,Abraza,Negativo,Me frustró ,Ambiguo,Viajar mucho,Positivo,Sería rígido ,Negativo,Incierto ,Ambiguo,Los respeto ,Positivo,Estancarme ,Negativo,Nunca miente ,Negativo,Era muy llorón ,Negativo,Inteligente y chistosa ,Positivo,Neutralidad ,Neutro,Siento que es perfecta ,Negativo,Gente tranquila ,Positivo ,Es la mejor ,Positivo,Me robaron,Negativo,Fuera más cariñoso ,Negativo,Hacer reír ,Positivo,Viajará mucho,Positivo,Sería muy razonable ,Positivo,Tener un buen trabajo ,Positivo,Eran inteligentes ,Positivo,Fracasar ,Positivo,La gente arrogante ,Positivo ,Era más juicioso ,Negativo,Son chistosos ,Positivo,Es bonita ,Positivo,Una persona inteligente ,Positivo,Son graciosos ,Positivo,Somos muy cercanos ,Positivo,Guardarme las cosas ,Negativo,Fuera un poco más cariñoso ,Negativo,La puntualidad ,Negativo,Ganar un torneo ,Positivo,Son honestas ,Positivo,Haré una fundación para animales ,Positivo,Me asusto ,Negativo,El fracaso ,Positivo,Son los relajados ,Positivo,Aprovecharía más mi tiempo ,Positivo,Mienten ,Negativo,Me relajaría ,Positivo,Son difíciles ,Ambiguo,No se estresa rápido ,Positivo,Son muy comprensibles,Positivo,Perder mi tiempo ,Ambiguo,Muy trabajador y buena persona ,Positivo,Me frustro ,Negativo, yo creo que es un placer ,Positivo,Que mis papás tengan la mejor vida ,Positivo,Seré psicologo ,Positivo,Son buena gente ,Positivo,Estresarme ,Negativo,Se aburren ,Positivo,Cuando pintaba en el jardín ,Positivo,Mentirosas ,Negativo,Activa ,Positivo,Yo era muy consentido ,Positivo,Son relajadas ,Ambiguo,A veces es muy sobreprotectora ,Negativo,Dañar lo sentimientos de una persona ,Negativo
36,Masculino.,Valora,Negativo,Doy gracias,Positivo,Ser feliz,Negativo,Organizaria,Neutro,Incierto,Ambiguo,Ejemplo ,Neutro,Arriesgarme,Ambiguo,Apoya,Positivo,Tenía miedo,Negativo,Apoyo ,Positivo,Compresión ,Positivo,Unida,Positivo,Todos,Positivo ,Valiente,Positivo,Me equivoqué ,Negativo,Fuera cariñoso ,Negativo,Liderar ,Positivo,No tuviera miedo ,Negativo,Las apreciaría ,Positivo,Superarme,Positivo,Eran ejemplo,Positivo,Arriesgarme ,Positivo,Sentir miedo ,Positivo ,Era mal geniado,Positivo,Son maleducados ,Negativo,Es complicada ,Negativo ,Único ,Positivo,Equipo ,Neutro,Unidos,Positivo,Dejar mis sueños ,Negativo,Fuera más cercano,Negativo,Mi hijo,Positivo,Ser estable económicamente ,Positivo,Equipo ,Positivo,Seré completamente feliz ,Ambiguo,Fastidio,Negativo,Arriesgarme ,Positivo,Sincera ,Positivo,Seguiría mis sueños ,Positivo,No valoran nada,Negativo,Con amor ,Positivo,Separadas,Negativo,Es sincera,Positivo,Son de admirar,Positivo,No ser lo suficientemente bueno,Negativo,Alejado,Negativo,Agradezco,Ambiguo,Explicó ,Positivo,No tener miedo y ser completamente feliz ,Positivo,Seré completamente feliz ,Positivo,Son ejemplo,Positivo,Sentirme inferior,Negativo,Me apoyan,Positivo,Compartir con mis abuelos ,Positivo,Sean hipócritas ,Negativo,Cariñosa,Positivo,Quería ser rico,Ambiguo,Me respetan,Ambiguo,Tengo miedo a perderla,Positivo,Ser borracho ,Negativo
48,Femenino.,Sentir sola el siempre ha estado presente ,Positivo,No creo que se trate de suerte solo son buenas o malas desiciones ,Neutro,Tener tres hijos,Negativo,Implementará muchas acciones de mejora en tecnología en la empresa ,Positivo,Incierto por qué nunca sabemos que nos espera,Ambiguo,Algunas son muy sabias y buenas personas otras no tanto,Ambiguo,Las cucarachas ,Positivo,Es aquel que siempre nos dice la verdad y está en todo momento ,Negativo,Me gustaba jugar a la casita ,Positivo,Es un hombre sincero tierno respetuoso amable y que me amen,Positivo,A veces pienso hacen una bonita pareja otras simplemente digo no parecen enamorados ,Ambiguo,Creo que la mía es muy hermosa y que Dios ha bendecido ,Positivo,Los hombres son personas descomplicadas,Ambiguo,La admiro por todo lo que ha vivido ,Positivo,Me enteré que había muerto una persona muy especial para mi,Negativo,Estuviera vivo me daría muchos concejos ,Positivo,Administración y dirigir. Creo que soy ágil.en las cosas del hogar ,Positivo,La felicidad depende de cada uno no se trata de que te hace feliz sino dónde estas feliz ,Neutro,Soy agradecida y justa me gusta trabajar en equipo ,Positivo,Poder ayudar a mi hijo a formarse y verlo crecer en todos los aspectos ,Positivo,Eran súper chéveres fue una época muy bonita ,Positivo,Las cucarachas ,Positivo,La mentira ni la injusticia ,Positivo ,Era más malgeniada y sería ,Positivo,La juventud de hoy no ha tenido la oportunidad de vivir las cosas simples y agradables de la juventud ,Ambiguo,Es complicada y hay que tener amor y tolerancia ,Positivo,Una mujer luchadora ,Positivo,Son muy buenos profesionales pero algunas personas no son tan sinceras ,Negativo,Tenemos una relación muy cercana la amo,Positivo,Tomar desiciones apresuradas ,Negativo,Estuviera vivo ,Ambiguo,Mi hijo ,Positivo,Llegar a alcanzar una estatus espiritual ,Positivo,Es responsable ,Positivo,Seré Gerente ,Positivo,Me da alegría lo quiero mucho ,Positivo,Lo desconocido ,Ambiguo,Es aquella que es sincera auténticos ,Positivo,No cometería los mismo errores y disfrutaría al máximo todo ,Positivo,Creen que ser felices es con un pareja y no es asi,Negativo,Soy responsable con mi vida sexual,Positivo,Son familias bonitas ,Positivo,Trabaja en equipo y por un objetivo ,Positivo,Dan todo por sus hijos ,Positivo,Defraudar a mis padres,Negativo,Un gran hombre muy sbaio,Positivo,Siempre aprendo de lo malo y lo bueno ,Positivo,Trato de que sea una instrucción clara y de la mejor manera ,Positivo,Terminar mi vejez tranquila y en compañía de esposo que no dependa de ningún ser humano y me.valga por si misma,Positivo,Espero poder llevar a cabo mis proyectos ,Positivo,Los respecto y admiro,Positivo,La incertidumbre ,Neutro,Tengo pocos amigos pero muy sinceros y leales ,Positivo,Las muñecas que me compraba mi mamá ,Positivo,Que son muy frescos no son detallistas ,Ambiguo,Es tranquila agradable,Positivo,Anhelaba una muñeca Barbie ,Ambiguo,Me respeta y me aprecia ,Positivo,Es muy materialista e impaciente,Negativo,Engañar a un novio,Negativo
21,Masculino.,Tiene desconfianza,Positivo,Levanto cabeza e intento de nuevo,Positivo,Ser piloto de carreras,Negativo,"Daria lo mejor de mi , para que todos den lo mejor de ellos",Positivo,La evolucion de tu mentalidad ,Ambiguo,Me ven con buena proyección al futuro ,Positivo,La muerte ,Positivo,Demuestra su lealtad,Positivo,Adoraba viajar con mi papá,Positivo,Es alguien que me complemente,Positivo,Pienso en lo bueno que seria tener una pareja,Positivo,Valora mucho el tiempo juntos,Positivo,Personas con mentalidad similar ,Positivo ,Es una guerrera,Positivo,Mentí respecto a algunas situaciones familiares,Negativo,Viera el verdadero valor de su familia,Negativo,Muchos campos,Ambiguo,Pudiera retribuir todo el esfuerzo de mis papás,Positivo,Seria un buen lider para poder guiarlos ,Positivo,Poder visitar el mundo ,Positivo,Me molestaban por mi comportamiento,Negativo,La muerte ,Negativo,Las personas deshonestas e impuntuales,Positivo ,No solia importarme los sentimientos de los demás,Positivo,No ve el verdadero significado de los valores,Negativo,Esta perdiendo credibilidad en la sociedad actual,Ambiguo,El profesional que quieran que sea,Positivo,Nos complementamos como equipo,Positivo,Tenemos una relacion muy cercana,Positivo,Mentiras,Neutro,Fuera mas cariñoso ,Negativo,Agujas,Neutro,El dinero,Positivo,Tendra un buen lider,Positivo,Veré todo lo que algun día soñé,Positivo,No hay de que preocuparse ,Positivo,Morir,Ambiguo,Me ayudan a construirme como persona,Positivo,Aprenderia a valorar la vida de los demás,Positivo,Se preocupan mas por verse bien que por enriquecer su conocimiento ,Negativo,Diarias ,Ambiguo,Tienen mas fallos de los que veo en la mia,Ambiguo,Piensa en ser mejor cada dia ,Positivo,Hace un trabajo perfecto ,Positivo,De hacer sentir mal a los demás,Positivo,Muy duro con el mismo,Ambiguo,Hay que ir en contra de la suerte,Positivo,"No hay que dar ordenes , hay que guiar ",Positivo,Tranquilidad,Positivo,Tendre pareja ,Ambiguo,"Son mi competencia , debo ser mejor que ellos sin despreciar su ayuda",Positivo,Sobrepensar,Negativo,No se animan a salir de la misma forma que conmigo presente,Positivo,Son los viajes con mi papá,Positivo,Es el pensamiento mediocre que tienen ,Negativo,Activa 24/7,Negativo,No valoraba muchas cosas ,Ambiguo,Me felicita por el buen trabajo ,Positivo,Vive de hechos del pasado,Negativo,Casi romper la relacion con mi madre,Negativo
49,Femenino.,Castigo ,Ambiguo,Me siento triste,Ambiguo,Viajar ,Positivo,Lo haría más fácil ,Positivo,Incierto ,Ambiguo,Son arrogantes ,Negativo,La oscuridad ,Positivo,Está siempre conmigo ,Negativo,Era tranquila ,Positivo,Es sisncero,Positivo,Pienso en una familia feliz ,Positivo,Es hermosa ,Positivo,Mi esposo ,Positivo ,Es la mejor mujer del mundo ,Positivo,Mis seres queridos han partido ,Negativo,Hubiese sido responsable ,Negativo,Entablar conversaciones,Positivo,Todo el mundo sintiera empatía por el otro,Negativo,Sería justa ,Positivo,Estar tranquila ,Positivo,Fueron amables y respetuosos,Positivo,Estar sola,Positivo,Las mentiras ,Neutro ,Era todo más sencillo ,Negativo,Son irresponsables ,Negativo,Es de confianza ,Positivo,A una persona muyyy especial ,Positivo,Son egoístas ,Negativo,Fuimos muy buenas amigas ,Positivo,Confiar,Negativo,Hubiese valorado a mi mamá ,Negativo,Confiar ,Negativo,La comodidad ,Positivo,Es respetada,Positivo,Viajaré ,Positivo,Me estreso,Negativo,Morir ,Ambiguo,Es la que es sincera y tranquila ,Positivo,Cambiaría ciertos modos de vivir,Ambiguo,Son charlatanes,Negativo,Sería con la persona que tengo un  vínculo de amor,Positivo,Tiene diferentes dificultades ,Ambiguo,Es comprometida y responsable ,Positivo,Son entregadas a sus hijos,Positivo,No poder colaborar a todas las personas ,Positivo,Irresponsable,Negativo,Pienso que fallé en algo ,Negativo,Soy muy estricta ,Negativo,Vivir tranquila,Positivo,Seré más sabía en mis decisiones ,Positivo,Algunos son arrogantes ,Ambiguo,Ser pesimista ,Negativo,Me extrañan,Positivo,Es estar con mi abuela y mamá ,Positivo,La mentira ,Neutro,Ha sido responsable ,Positivo,Lloraba por todo,Negativo,La va bien conmigo ,Positivo,Hoy no está conmigo ,Ambiguo,Gritar a otra persona ,Negativo
37,Masculino.,entienden,Negativo,cosas mejores vienen,Positivo,ser piloto,Negativo,mis gatos sería mas organizado,Positivo,brillante,Positivo,se lo han ganado o le han ayudado,Ambiguo,a las alturas,Positivo,esta siempre en las buenas y las malas es fiel,Negativo,era único,Positivo,no existe,Negativo,tienen un propósito en común,Positivo,es única y la mejor para mí,Positivo,la tecnología,Ambiguo,"única, la mejor y mas cariñosa",Positivo,me accidenté en ambos pies y diagnosticaron a mi hijo con un ACV,Negativo,fuera mas juicioso sería un hombre ejemplar,Negativo,"liderazgo, toma de daciones bajo presión y empatía",Positivo,no tuviera deudas ,Positivo,"les enseñaría el valor de auto superarse, la fe en Dios y apoyo en sus proyectos de vida",Positivo,la voluntad de Dios todos los días,Negativo,eran flojos,Negativo,las alturas y socializar,Ambiguo,"las mentiras, la hipocresía, el orgullo la prepotencia, la falta de humildad y empatía",Positivo ,las cosas no eran tan apresuradas y complejas como ahora,Negativo,viven su época y tienen poca sensibilidad a los mayorees,Negativo,es un reto día a día de construcción constante. Es de valientes,Positivo,lo mejor,Positivo,son muy competentes,Positivo,Somo amigos y concejeros ,Positivo,endeudarme en mi matrimonio,Ambiguo,fuera mas juiciosos y no fumara más,Negativo,expresar mis emociones,Negativo,Viajar con mi familia,Positivo,no me ha pasado pero son competentes,Neutro,viajaré con mi familia a conocer nuestros lugares favoritos,Positivo,normal ,Neutro,las alturas,Positivo,son mas sencillos,Positivo,aprovecharía mas el tiempo con mis padres y menos con mis cosas,Positivo,estan cansadas de ver al hombre débil y sin seguridad,Negativo,con mi esposa,Positivo,"son un mundo, una isla ",Neutro,"es inteligente, empatica sencilla y que no le cuenta compartir conocimiento ",Positivo,les toca muy pesado y viven aburridas por no tener ayuda idónea u oportunidades,Ambiguo,no ser responsable con las cosas de la casa,Positivo,una persona solitaria y ajeno al entorno familiar,Negativo,aprender levantarse y seguir,Positivo,no insisto para no complicarme ,Negativo,ser feliz con mi familia y disfrutar el tiempo con mis hijos,Positivo,"tendré un mejor trabajo, saldré de deudas y viajaré",Positivo,son personas que le enseñan cosas indirectamente por su experiencia ,Positivo,quedarme callado y guardarme las cosas no hablar,Negativo,siguen su vida,Ambiguo,hacer mandado con mi abuela,Positivo,de hombres lo poco desconsiderados y falta de iniciativa y seguridad. Las mujeres dejarse influir por el mundo fácil  ,Negativo,normal con mi esposa,Positivo,era inquieto ,Ambiguo,es muy competente,Positivo,a veces exagera las cosas que pasan su alrededor,Negativo,aplazar un buen tiempo la universidad por no terminar la tesis dejando oportunidades profesionales y perdiendo tiempo. Endeudarme sin conocer las consecuencias a largo plazo.,Negativo
29,Masculino.,Escucha,Negativo,Corro,Positivo,Ser campeón ,Negativo,Lo haría mucho mejor,Negativo,Desolador,Negativo,Son afortunadas ,Ambiguo,No lograrlo,Negativo,Está en el momento correcto,Positivo,Era muy feliz,Positivo,Es alguien como yo,Negativo,No pienso nada,Neutro,Es amorosa ,Positivo,Un amigo comprometido ,Positivo ,Es una mujer increíble ,Positivo,Me traicionaron ,Negativo ,Hubiese sido más valiente ,Negativo,Ser increíble en cualquier cosa ,Negativo,No hiciera falta el dinero ,Positivo,Tendría un equipo increíble ,Positivo,Ser muy bueno,Ambiguo,Elogiaban mi capacidad ,Positivo,No triunfar,Positivo,La época en la que vivimos,Negativo,Era débil ,Positivo,Son poco interesantes,Negativo,Es complicada pero valiosa ,Positivo,Alguien muy amado,Positivo,Son felices a mi lado ,Positivo,Nos parecemos mucho,Ambiguo,No haber iniciado antes,Neutro,Me hubiese enseñado más cosas ,Ambiguo,Son sus ojos,Positivo,Poder vivir múltiples vidas,Ambiguo,es feliz,Positivo,Seré libre ,Ambiguo,Me da estrés ,Negativo,Hacer el ridículo ,Positivo,Es la que más sufre,Ambiguo,Viviría con más valentía ,Positivo,"Son blandos, sin carácter ",Negativo,Me cuidaría ,Positivo,Están fragmentadas ,Negativo,Ama lo que hace y me pueda enseñar ,Positivo,Son buenas,Positivo,Mis bajos instintos ,Negativo,Un gran hombre que ha sufrido mucho ,Positivo,Siempre le doy la vuelta ,Positivo,Dudo,Negativo,Ser libre ,Ambiguo,Entenderé muchas cosas ,Positivo,Son gente excepcional ,Positivo,Postergar lo que quiero ,Negativo,Sienten mi ausencia ,Positivo,Es ser feliz con mis padres y abuelos ,Positivo,Es su simpleza,Ambiguo,Es todo un tema ,Ambiguo,Quería ser astronauta ,Positivo,Se siente bien a mi lado,Positivo,Intenta controlarme mucho ,Negativo,No debe ser contada ,Neutro
